"행정구역","2018년_계_총인구수","2018년_계_연령구간인구수","2018년_계_0~9세","2018년_남_총인구수","2018년_남_연령구간인구수","2018년_남_0~9세","2018년_여_총인구수","2018년_여_연령구간인구수","2018년_여_0~9세","2019년_계_총인구수","2019년_계_연령구간인구수","2019년_계_0~9세","2019년_남_총인구수","2019년_남_연령구간인구수","2019년_남_0~9세","2019년_여_총인구수","2019년_여_연령구간인구수","2019년_여_0~9세","2020년_계_총인구수","2020년_계_연령구간인구수","2020년_계_0~9세","2020년_남_총인구수","2020년_남_연령구간인구수","2020년_남_0~9세","2020년_여_총인구수","2020년_여_연령구간인구수","2020년_여_0~9세"
"서울특별시  (1100000000)","9,765,623","690,368","690,368","4,773,899","353,981","353,981","4,991,724","336,387","336,387","9,729,107","662,693","662,693","4,744,059","340,334","340,334","4,985,048","322,359","322,359","9,668,465","623,745","623,745","4,701,723","320,275","320,275","4,966,742","303,470","303,470"
"서울특별시 종로구 (1111000000)","153,065","8,588","8,588","74,825","4,380","4,380","78,240","4,208","4,208","151,290","8,211","8,211","73,746","4,143","4,143","77,544","4,068","4,068","149,384","7,527","7,527","72,635","3,803","3,803","76,749","3,724","3,724"
"서울특별시 중구 (1114000000)","125,725","7,597","7,597","61,947","3,806","3,806","63,778","3,791","3,791","126,171","7,389","7,389","61,910","3,758","3,758","64,261","3,631","3,631","125,240","6,836","6,836","61,222","3,505","3,505","64,018","3,331","3,331"
"서울특별시 용산구 (1117000000)","228,999","14,706","14,706","110,640","7,601","7,601","118,359","7,105","7,105","228,670","14,132","14,132","110,356","7,310","7,310","118,314","6,822","6,822","230,040","13,496","13,496","110,722","6,970","6,970","119,318","6,526","6,526"
"서울특별시 성동구 (1120000000)","308,221","23,077","23,077","151,359","11,749","11,749","156,862","11,328","11,328","300,889","21,983","21,983","147,273","11,226","11,226","153,616","10,757","10,757","293,556","20,449","20,449","143,387","10,469","10,469","150,169","9,980","9,980"
"서울특별시 광진구 (1121500000)","355,559","23,182","23,182","172,794","11,914","11,914","182,765","11,268","11,268","351,350","21,657","21,657","170,262","11,115","11,115","181,088","10,542","10,542","346,682","19,572","19,572","167,310","9,977","9,977","179,372","9,595","9,595"
"서울특별시 동대문구 (1123000000)","348,052","22,896","22,896","173,567","11,792","11,792","174,485","11,104","11,104","346,194","22,115","22,115","172,113","11,361","11,361","174,081","10,754","10,754","342,837","20,788","20,788","169,769","10,662","10,662","173,068","10,126","10,126"
"서울특별시 중랑구 (1126000000)","403,209","26,293","26,293","200,419","13,448","13,448","202,790","12,845","12,845","397,015","24,712","24,712","196,959","12,733","12,733","200,056","11,979","11,979","394,702","23,064","23,064","195,165","11,921","11,921","199,537","11,143","11,143"
"서울특별시 성북구 (1129000000)","435,868","31,323","31,323","211,904","16,071","16,071","223,964","15,252","15,252","442,650","30,994","30,994","214,437","15,859","15,859","228,213","15,135","15,135","437,153","28,822","28,822","210,810","14,723","14,723","226,343","14,099","14,099"
"서울특별시 강북구 (1130500000)","319,164","18,921","18,921","156,071","9,728","9,728","163,093","9,193","9,193","313,954","17,420","17,420","153,235","8,960","8,960","160,719","8,460","8,460","308,055","15,714","15,714","150,143","8,162","8,162","157,912","7,552","7,552"
"서울특별시 도봉구 (1132000000)","339,413","22,184","22,184","166,160","11,446","11,446","173,253","10,738","10,738","333,362","20,665","20,665","163,051","10,685","10,685","170,311","9,980","9,980","325,257","18,775","18,775","158,620","9,720","9,720","166,637","9,055","9,055"
"서울특별시 노원구 (1135000000)","543,752","38,147","38,147","263,919","19,618","19,618","279,833","18,529","18,529","532,905","35,765","35,765","257,923","18,411","18,411","274,982","17,354","17,354","523,037","33,182","33,182","252,383","17,046","17,046","270,654","16,136","16,136"
"서울특별시 은평구 (1138000000)","483,197","33,399","33,399","233,702","17,123","17,123","249,495","16,276","16,276","480,032","31,683","31,683","231,528","16,220","16,220","248,504","15,463","15,463","479,835","29,704","29,704","230,279","15,210","15,210","249,556","14,494","14,494"
"서울특별시 서대문구 (1141000000)","310,313","21,180","21,180","149,569","10,806","10,806","160,744","10,374","10,374","309,397","20,395","20,395","148,663","10,468","10,468","160,734","9,927","9,927","312,173","20,175","20,175","149,360","10,267","10,267","162,813","9,908","9,908"
"서울특별시 마포구 (1144000000)","375,077","27,746","27,746","178,240","14,103","14,103","196,837","13,643","13,643","374,035","26,560","26,560","176,891","13,479","13,479","197,144","13,081","13,081","371,890","24,899","24,899","175,150","12,643","12,643","196,740","12,256","12,256"
"서울특별시 양천구 (1147000000)","464,185","34,792","34,792","228,634","17,802","17,802","235,551","16,990","16,990","458,165","33,156","33,156","225,186","17,069","17,069","232,979","16,087","16,087","454,251","31,552","31,552","222,824","16,235","16,235","231,427","15,317","15,317"
"서울특별시 강서구 (1150000000)","596,949","46,680","46,680","290,079","23,855","23,855","306,870","22,825","22,825","591,796","43,968","43,968","286,563","22,477","22,477","305,233","21,491","21,491","580,185","39,560","39,560","280,034","20,222","20,222","300,151","19,338","19,338"
"서울특별시 구로구 (1153000000)","404,497","31,394","31,394","200,417","15,941","15,941","204,080","15,453","15,453","406,664","30,501","30,501","200,987","15,563","15,563","205,677","14,938","14,938","404,408","28,199","28,199","199,673","14,406","14,406","204,735","13,793","13,793"
"서울특별시 금천구 (1154500000)","233,917","14,657","14,657","118,915","7,485","7,485","115,002","7,172","7,172","232,810","13,746","13,746","118,209","7,047","7,047","114,601","6,699","6,699","231,733","12,548","12,548","117,226","6,422","6,422","114,507","6,126","6,126"
"서울특별시 영등포구 (1156000000)","367,778","26,289","26,289","183,224","13,391","13,391","184,554","12,898","12,898","367,678","25,447","25,447","182,438","12,913","12,913","185,240","12,534","12,534","379,480","25,836","25,836","187,647","13,165","13,165","191,833","12,671","12,671"
"서울특별시 동작구 (1159000000)","396,203","27,883","27,883","192,533","14,180","14,180","203,670","13,703","13,703","395,963","26,596","26,596","191,976","13,542","13,542","203,987","13,054","13,054","391,220","24,564","24,564","189,152","12,528","12,528","202,068","12,036","12,036"
"서울특별시 관악구 (1162000000)","501,957","27,165","27,165","252,160","14,009","14,009","249,797","13,156","13,156","500,094","25,097","25,097","251,009","12,921","12,921","249,085","12,176","12,176","495,060","22,372","22,372","248,339","11,499","11,499","246,721","10,873","10,873"
"서울특별시 서초구 (1165000000)","433,951","37,467","37,467","207,868","19,275","19,275","226,083","18,192","18,192","430,826","36,001","36,001","206,039","18,623","18,623","224,787","17,378","17,378","425,126","33,851","33,851","203,359","17,490","17,490","221,767","16,361","16,361"
"서울특별시 강남구 (1168000000)","542,364","39,242","39,242","259,611","20,233","20,233","282,753","19,009","19,009","545,169","38,704","38,704","260,806","20,019","20,019","284,363","18,685","18,685","539,231","36,766","36,766","257,999","19,051","19,051","281,232","17,715","17,715"
"서울특별시 송파구 (1171000000)","666,635","53,769","53,769","323,526","27,739","27,739","343,109","26,030","26,030","675,961","53,634","53,634","327,164","27,712","27,712","348,797","25,922","25,922","667,960","50,744","50,744","322,299","26,202","26,202","345,661","24,542","24,542"
"서울특별시 강동구 (1174000000)","427,573","31,791","31,791","211,816","16,486","16,486","215,757","15,305","15,305","436,067","32,162","32,162","215,335","16,720","16,720","220,732","15,442","15,442","459,970","34,750","34,750","226,216","17,977","17,977","233,754","16,773","16,773"
"부산광역시  (2600000000)","3,441,453","251,442","251,442","1,692,421","129,189","129,189","1,749,032","122,253","122,253","3,413,841","243,321","243,321","1,675,417","124,927","124,927","1,738,424","118,394","118,394","3,391,946","232,356","232,356","1,661,000","119,173","119,173","1,730,946","113,183","113,183"
"부산광역시 중구 (2611000000)","42,795","1,699","1,699","20,992","887","887","21,803","812","812","41,910","1,495","1,495","20,557","785","785","21,353","710","710","41,523","1,320","1,320","20,282","689","689","21,241","631","631"
"부산광역시 서구 (2614000000)","110,534","6,034","6,034","53,978","3,173","3,173","56,556","2,861","2,861","108,229","5,743","5,743","52,627","2,993","2,993","55,602","2,750","2,750","108,135","5,622","5,622","52,341","2,917","2,917","55,794","2,705","2,705"
"부산광역시 동구 (2617000000)","86,912","4,083","4,083","42,830","2,132","2,132","44,082","1,951","1,951","88,165","4,164","4,164","43,327","2,179","2,179","44,838","1,985","1,985","88,901","4,085","4,085","43,509","2,149","2,149","45,392","1,936","1,936"
"부산광역시 영도구 (2620000000)","120,109","6,127","6,127","59,429","3,114","3,114","60,680","3,013","3,013","116,711","5,735","5,735","57,629","2,890","2,890","59,082","2,845","2,845","113,342","5,139","5,139","55,846","2,593","2,593","57,496","2,546","2,546"
"부산광역시 부산진구 (2623000000)","362,357","23,592","23,592","176,316","12,043","12,043","186,041","11,549","11,549","357,880","22,339","22,339","173,446","11,375","11,375","184,434","10,964","10,964","359,886","21,318","21,318","173,920","10,780","10,780","185,966","10,538","10,538"
"부산광역시 동래구 (2626000000)","266,515","19,164","19,164","130,338","9,952","9,952","136,177","9,212","9,212","271,247","19,984","19,984","132,295","10,302","10,302","138,952","9,682","9,682","270,745","19,635","19,635","131,735","10,177","10,177","139,010","9,458","9,458"
"부산광역시 남구 (2629000000)","279,917","20,432","20,432","137,437","10,386","10,386","142,480","10,046","10,046","274,480","19,571","19,571","134,519","9,965","9,965","139,961","9,606","9,606","267,731","18,052","18,052","131,037","9,210","9,210","136,694","8,842","8,842"
"부산광역시 북구 (2632000000)","296,952","21,660","21,660","147,233","11,115","11,115","149,719","10,545","10,545","291,132","20,476","20,476","144,229","10,540","10,540","146,903","9,936","9,936","283,952","18,994","18,994","140,527","9,822","9,822","143,425","9,172","9,172"
"부산광역시 해운대구 (2635000000)","409,347","30,723","30,723","197,871","16,004","16,004","211,476","14,719","14,719","406,102","29,752","29,752","195,960","15,495","15,495","210,142","14,257","14,257","402,169","28,511","28,511","193,618","14,753","14,753","208,551","13,758","13,758"
"부산광역시 사하구 (2638000000)","327,791","23,638","23,638","163,766","12,114","12,114","164,025","11,524","11,524","321,004","21,982","21,982","160,101","11,244","11,244","160,903","10,738","10,738","311,757","19,969","19,969","155,228","10,240","10,240","156,529","9,729","9,729"
"부산광역시 금정구 (2641000000)","242,956","14,899","14,899","119,261","7,704","7,704","123,695","7,195","7,195","239,062","14,162","14,162","117,070","7,313","7,313","121,992","6,849","6,849","232,666","13,033","13,033","113,595","6,663","6,663","119,071","6,370","6,370"
"부산광역시 강서구 (2644000000)","122,957","18,602","18,602","63,491","9,511","9,511","59,466","9,091","9,091","129,566","19,380","19,380","66,982","9,947","9,947","62,584","9,433","9,433","137,957","20,095","20,095","71,245","10,326","10,326","66,712","9,769","9,769"
"부산광역시 연제구 (2647000000)","207,840","15,429","15,429","100,789","7,889","7,889","107,051","7,540","7,540","209,395","15,444","15,444","101,253","7,872","7,872","108,142","7,572","7,572","209,157","14,747","14,747","100,700","7,511","7,511","108,457","7,236","7,236"
"부산광역시 수영구 (2650000000)","176,246","10,785","10,785","83,852","5,532","5,532","92,394","5,253","5,253","176,148","10,571","10,571","83,565","5,439","5,439","92,583","5,132","5,132","176,894","10,328","10,328","83,573","5,309","5,309","93,321","5,019","5,019"
"부산광역시 사상구 (2653000000)","223,361","14,750","14,750","113,240","7,539","7,539","110,121","7,211","7,211","218,094","13,720","13,720","110,286","7,001","7,001","107,808","6,719","6,719","212,586","12,355","12,355","107,405","6,292","6,292","105,181","6,063","6,063"
"부산광역시 기장군 (2671000000)","164,864","19,825","19,825","81,598","10,094","10,094","83,266","9,731","9,731","164,716","18,803","18,803","81,571","9,587","9,587","83,145","9,216","9,216","174,545","19,153","19,153","86,439","9,742","9,742","88,106","9,411","9,411"
"대구광역시  (2700000000)","2,461,769","194,953","194,953","1,219,342","99,981","99,981","1,242,427","94,972","94,972","2,438,031","188,312","188,312","1,205,286","96,593","96,593","1,232,745","91,719","91,719","2,418,346","178,226","178,226","1,193,109","91,285","91,285","1,225,237","86,941","86,941"
"대구광역시 중구 (2711000000)","79,401","5,744","5,744","38,498","2,978","2,978","40,903","2,766","2,766","77,421","5,514","5,514","37,384","2,835","2,835","40,037","2,679","2,679","76,547","5,142","5,142","36,799","2,655","2,655","39,748","2,487","2,487"
"대구광역시 동구 (2714000000)","351,291","28,571","28,571","173,955","14,765","14,765","177,336","13,806","13,806","345,469","27,103","27,103","170,601","13,890","13,890","174,868","13,213","13,213","341,920","25,193","25,193","168,443","12,867","12,867","173,477","12,326","12,326"
"대구광역시 서구 (2717000000)","184,372","9,287","9,287","92,796","4,707","4,707","91,576","4,580","4,580","175,277","8,325","8,325","88,052","4,252","4,252","87,225","4,073","4,073","170,700","7,564","7,564","85,572","3,912","3,912","85,128","3,652","3,652"
"대구광역시 남구 (2720000000)","150,501","7,520","7,520","72,664","3,842","3,842","77,837","3,678","3,678","148,113","7,278","7,278","71,366","3,802","3,802","76,747","3,476","3,476","146,632","6,821","6,821","70,471","3,525","3,525","76,161","3,296","3,296"
"대구광역시 북구 (2723000000)","439,489","36,774","36,774","219,307","18,790","18,790","220,182","17,984","17,984","437,710","35,406","35,406","218,150","18,169","18,169","219,560","17,237","17,237","440,263","34,031","34,031","219,197","17,393","17,393","221,066","16,638","16,638"
"대구광역시 수성구 (2726000000)","432,759","31,851","31,851","210,621","16,415","16,415","222,138","15,436","15,436","428,614","30,996","30,996","208,024","15,940","15,940","220,590","15,056","15,056","424,314","29,784","29,784","205,293","15,320","15,320","219,021","14,464","14,464"
"대구광역시 달서구 (2729000000)","573,413","45,262","45,262","284,127","23,290","23,290","289,286","21,972","21,972","568,887","43,368","43,368","281,348","22,263","22,263","287,539","21,105","21,105","558,631","40,273","40,273","275,626","20,617","20,617","283,005","19,656","19,656"
"대구광역시 달성군 (2771000000)","250,543","29,944","29,944","127,374","15,194","15,194","123,169","14,750","14,750","256,540","30,322","30,322","130,361","15,442","15,442","126,179","14,880","14,880","259,339","29,418","29,418","131,708","14,996","14,996","127,631","14,422","14,422"
"인천광역시  (2800000000)","2,954,642","251,301","251,301","1,481,844","128,889","128,889","1,472,798","122,412","122,412","2,957,026","242,400","242,400","1,482,249","124,383","124,383","1,474,777","118,017","118,017","2,942,828","228,634","228,634","1,473,943","117,356","117,356","1,468,885","111,278","111,278"
"인천광역시 중구 (2811000000)","122,499","10,801","10,801","63,700","5,495","5,495","58,799","5,306","5,306","135,135","12,105","12,105","70,063","6,264","6,264","65,072","5,841","5,841","139,729","11,895","11,895","72,485","6,128","6,128","67,244","5,767","5,767"
"인천광역시 중구영종출장소 (2811400000)","","","","","","","","","","","","","","","","","","","0","0","0","0","0","0","0","0","0"
"인천광역시 중구용유출장소 (2811800000)","","","","","","","","","","","","","","","","","","","0","0","0","0","0","0","0","0","0"
"인천광역시 동구 (2814000000)","66,233","4,790","4,790","33,433","2,489","2,489","32,800","2,301","2,301","64,427","4,344","4,344","32,536","2,284","2,284","31,891","2,060","2,060","62,542","3,742","3,742","31,575","1,964","1,964","30,967","1,778","1,778"
"인천광역시 미추홀구 (2817700000)","416,542","31,469","31,469","210,088","16,138","16,138","206,454","15,331","15,331","408,862","29,269","29,269","206,129","14,945","14,945","202,733","14,324","14,324","404,343","27,193","27,193","203,638","13,912","13,912","200,705","13,281","13,281"
"인천광역시 연수구 (2818500000)","346,359","34,448","34,448","172,298","17,597","17,597","174,061","16,851","16,851","366,550","36,242","36,242","182,374","18,539","18,539","184,176","17,703","17,703","387,450","38,415","38,415","192,570","19,554","19,554","194,880","18,861","18,861"
"인천광역시 남동구 (2820000000)","537,161","48,468","48,468","267,426","24,869","24,869","269,735","23,599","23,599","532,704","45,640","45,640","264,955","23,456","23,456","267,749","22,184","22,184","525,354","41,814","41,814","260,923","21,501","21,501","264,431","20,313","20,313"
"인천광역시 부평구 (2823700000)","524,640","39,769","39,769","260,144","20,336","20,336","264,496","19,433","19,433","511,577","36,587","36,587","253,338","18,697","18,697","258,239","17,890","17,890","494,962","32,905","32,905","244,713","16,846","16,846","250,249","16,059","16,059"
"인천광역시 계양구 (2824500000)","312,680","22,543","22,543","156,128","11,483","11,483","156,552","11,060","11,060","303,471","20,553","20,553","151,569","10,457","10,457","151,902","10,096","10,096","296,750","18,490","18,490","147,976","9,385","9,385","148,774","9,105","9,105"
"인천광역시 서구 (2826000000)","538,596","54,477","54,477","272,153","28,145","28,145","266,443","26,332","26,332","544,556","53,304","53,304","274,942","27,502","27,502","269,614","25,802","25,802","542,040","49,907","49,907","273,778","25,830","25,830","268,262","24,077","24,077"
"인천광역시 서구검단출장소 (2826500000)","","","","","","","","","","","","","","","","","","","0","0","0","0","0","0","0","0","0"
"인천광역시 강화군 (2871000000)","68,896","3,403","3,403","34,546","1,758","1,758","34,350","1,645","1,645","69,178","3,332","3,332","34,665","1,716","1,716","34,513","1,616","1,616","69,203","3,334","3,334","34,644","1,754","1,754","34,559","1,580","1,580"
"인천광역시 옹진군 (2872000000)","21,036","1,133","1,133","11,928","579","579","9,108","554","554","20,566","1,024","1,024","11,678","523","523","8,888","501","501","20,455","939","939","11,641","482","482","8,814","457","457"
"광주광역시  (2900000000)","1,459,336","131,277","131,277","722,581","67,673","67,673","736,755","63,604","63,604","1,456,468","126,519","126,519","720,740","65,084","65,084","735,728","61,435","61,435","1,450,062","119,692","119,692","717,348","61,487","61,487","732,714","58,205","58,205"
"광주광역시 동구 (2911000000)","94,475","6,073","6,073","46,902","3,153","3,153","47,573","2,920","2,920","98,585","6,615","6,615","48,799","3,437","3,437","49,786","3,178","3,178","102,897","7,173","7,173","50,810","3,711","3,711","52,087","3,462","3,462"
"광주광역시 서구 (2914000000)","304,172","24,829","24,829","149,540","12,880","12,880","154,632","11,949","11,949","300,975","23,463","23,463","147,671","12,191","12,191","153,304","11,272","11,272","296,576","21,775","21,775","145,374","11,322","11,322","151,202","10,453","10,453"
"광주광역시 남구 (2915500000)","216,369","18,028","18,028","104,337","9,255","9,255","112,032","8,773","8,773","218,060","18,275","18,275","105,027","9,325","9,325","113,033","8,950","8,950","214,579","17,283","17,283","103,257","8,856","8,856","111,322","8,427","8,427"
"광주광역시 북구 (2917000000)","439,773","37,188","37,188","218,323","19,178","19,178","221,450","18,010","18,010","433,533","35,183","35,183","215,260","18,013","18,013","218,273","17,170","17,170","430,431","33,549","33,549","213,611","17,135","17,135","216,820","16,414","16,414"
"광주광역시 광산구 (2920000000)","404,547","45,159","45,159","203,479","23,207","23,207","201,068","21,952","21,952","405,315","42,983","42,983","203,983","22,118","22,118","201,332","20,865","20,865","405,579","39,912","39,912","204,296","20,463","20,463","201,283","19,449","19,449"
"대전광역시  (3000000000)","1,489,936","128,497","128,497","744,338","66,139","66,139","745,598","62,358","62,358","1,474,870","121,829","121,829","736,607","62,600","62,600","738,263","59,229","59,229","1,463,882","114,529","114,529","730,699","58,822","58,822","733,183","55,707","55,707"
"대전광역시 동구 (3011000000)","229,071","17,354","17,354","115,735","8,957","8,957","113,336","8,397","8,397","226,771","16,248","16,248","114,447","8,375","8,375","112,324","7,873","7,873","223,021","15,010","15,010","112,416","7,725","7,725","110,605","7,285","7,285"
"대전광역시 중구 (3014000000)","244,421","17,850","17,850","121,056","9,121","9,121","123,365","8,729","8,729","240,473","16,647","16,647","118,864","8,505","8,505","121,609","8,142","8,142","235,550","15,174","15,174","116,233","7,763","7,763","119,317","7,411","7,411"
"대전광역시 서구 (3017000000)","484,663","41,804","41,804","238,678","21,526","21,526","245,985","20,278","20,278","481,222","40,343","40,343","236,851","20,718","20,718","244,371","19,625","19,625","477,880","38,092","38,092","235,112","19,661","19,661","242,768","18,431","18,431"
"대전광역시 유성구 (3020000000)","349,790","38,458","38,458","176,412","19,847","19,847","173,378","18,611","18,611","349,373","36,686","36,686","176,415","18,950","18,950","172,958","17,736","17,736","351,047","34,946","34,946","177,240","17,980","17,980","173,807","16,966","16,966"
"대전광역시 대덕구 (3023000000)","181,991","13,031","13,031","92,457","6,688","6,688","89,534","6,343","6,343","177,031","11,905","11,905","90,030","6,052","6,052","87,001","5,853","5,853","176,384","11,307","11,307","89,698","5,693","5,693","86,686","5,614","5,614"
"울산광역시  (3100000000)","1,155,623","108,363","108,363","593,819","55,907","55,907","561,804","52,456","52,456","1,148,019","104,371","104,371","589,712","53,757","53,757","558,307","50,614","50,614","1,136,017","98,506","98,506","583,708","50,619","50,619","552,309","47,887","47,887"
"울산광역시 중구 (3111000000)","231,973","19,787","19,787","117,934","10,349","10,349","114,039","9,438","9,438","223,581","18,033","18,033","113,526","9,352","9,352","110,055","8,681","8,681","217,595","16,638","16,638","110,201","8,579","8,579","107,394","8,059","8,059"
"울산광역시 남구 (3114000000)","330,732","26,347","26,347","168,494","13,583","13,583","162,238","12,764","12,764","323,819","24,869","24,869","165,062","12,822","12,822","158,757","12,047","12,047","320,064","23,877","23,877","163,198","12,295","12,295","156,866","11,582","11,582"
"울산광역시 동구 (3117000000)","164,642","17,605","17,605","86,127","9,043","9,043","78,515","8,562","8,562","159,656","16,188","16,188","83,391","8,330","8,330","76,265","7,858","7,858","156,806","14,889","14,889","81,999","7,618","7,618","74,807","7,271","7,271"
"울산광역시 북구 (3120000000)","206,434","24,903","24,903","106,750","12,828","12,828","99,684","12,075","12,075","217,796","26,241","26,241","112,588","13,455","13,455","105,208","12,786","12,786","219,014","25,296","25,296","113,392","12,989","12,989","105,622","12,307","12,307"
"울산광역시 울주군 (3171000000)","221,842","19,721","19,721","114,514","10,104","10,104","107,328","9,617","9,617","223,167","19,040","19,040","115,145","9,798","9,798","108,022","9,242","9,242","222,538","17,806","17,806","114,918","9,138","9,138","107,620","8,668","8,668"
"세종특별자치시  (3600000000)","314,126","44,452","44,452","156,831","22,778","22,778","157,295","21,674","21,674","340,575","47,249","47,249","169,845","24,152","24,152","170,730","23,097","23,097","355,831","47,283","47,283","177,568","24,188","24,188","178,263","23,095","23,095"
"세종특별자치시  (3611000000)","314,126","44,452","44,452","156,831","22,778","22,778","157,295","21,674","21,674","340,575","47,249","47,249","169,845","24,152","24,152","170,730","23,097","23,097","355,831","47,283","47,283","177,568","24,188","24,188","178,263","23,095","23,095"
"경기도  (4100000000)","13,077,153","1,209,856","1,209,856","6,577,501","620,423","620,423","6,499,652","589,433","589,433","13,239,666","1,184,990","1,184,990","6,659,995","607,414","607,414","6,579,671","577,576","577,576","13,427,014","1,145,984","1,145,984","6,754,469","586,787","586,787","6,672,545","559,197","559,197"
"북부출장소  (4110500000)","","","","","","","","","","","","","","","","","","","0","0","0","0","0","0","0","0","0"
"경기도 수원시 (4111000000)","1,201,166","109,574","109,574","604,918","56,513","56,513","596,248","53,061","53,061","1,194,465","104,305","104,305","601,410","53,806","53,806","593,055","50,499","50,499","1,186,078","97,114","97,114","597,076","50,095","50,095","589,002","47,019","47,019"
"경기도 수원시 장안구 (4111100000)","286,433","22,246","22,246","144,163","11,557","11,557","142,270","10,689","10,689","278,377","20,092","20,092","140,218","10,416","10,416","138,159","9,676","9,676","273,661","18,341","18,341","137,807","9,471","9,471","135,854","8,870","8,870"
"경기도 수원시 권선구 (4111300000)","377,647","36,935","36,935","190,493","18,988","18,988","187,154","17,947","17,947","371,754","34,659","34,659","187,627","17,825","17,825","184,127","16,834","16,834","368,645","32,512","32,512","186,050","16,762","16,762","182,595","15,750","15,750"
"경기도 수원시 팔달구 (4111500000)","180,974","11,673","11,673","91,091","5,989","5,989","89,883","5,684","5,684","175,866","10,457","10,457","88,523","5,283","5,283","87,343","5,174","5,174","174,930","9,483","9,483","88,180","4,807","4,807","86,750","4,676","4,676"
"경기도 수원시 영통구 (4111700000)","356,112","38,720","38,720","179,171","19,979","19,979","176,941","18,741","18,741","368,468","39,097","39,097","185,042","20,282","20,282","183,426","18,815","18,815","368,842","36,778","36,778","185,039","19,055","19,055","183,803","17,723","17,723"
"경기도 성남시 (4113000000)","954,347","75,666","75,666","472,506","38,824","38,824","481,841","36,842","36,842","942,724","72,005","72,005","466,644","36,902","36,902","476,080","35,103","35,103","940,064","68,835","68,835","465,407","35,249","35,249","474,657","33,586","33,586"
"경기도 성남시 수정구 (4113100000)","234,133","16,541","16,541","118,563","8,418","8,418","115,570","8,123","8,123","234,678","16,074","16,074","118,631","8,134","8,134","116,047","7,940","7,940","241,701","15,869","15,869","122,204","8,005","8,005","119,497","7,864","7,864"
"경기도 성남시 중원구 (4113300000)","224,885","15,346","15,346","113,912","7,926","7,926","110,973","7,420","7,420","220,041","14,246","14,246","111,444","7,373","7,373","108,597","6,873","6,873","216,131","13,260","13,260","109,444","6,815","6,815","106,687","6,445","6,445"
"경기도 성남시 분당구 (4113500000)","495,329","43,779","43,779","240,031","22,480","22,480","255,298","21,299","21,299","488,005","41,685","41,685","236,569","21,395","21,395","251,436","20,290","20,290","482,232","39,706","39,706","233,759","20,429","20,429","248,473","19,277","19,277"
"경기도 의정부시 (4115000000)","447,026","36,043","36,043","220,360","18,501","18,501","226,666","17,542","17,542","451,868","35,273","35,273","222,590","18,201","18,201","229,278","17,072","17,072","461,710","34,453","34,453","227,342","17,819","17,819","234,368","16,634","16,634"
"경기도 안양시 (4117000000)","576,831","45,064","45,064","285,816","22,999","22,999","291,015","22,065","22,065","567,044","42,767","42,767","280,652","21,792","21,792","286,392","20,975","20,975","550,027","39,294","39,294","271,936","19,998","19,998","278,091","19,296","19,296"
"경기도 안양시 만안구 (4117100000)","251,512","17,983","17,983","126,059","9,130","9,130","125,453","8,853","8,853","244,235","16,841","16,841","122,326","8,545","8,545","121,909","8,296","8,296","239,413","15,560","15,560","119,864","7,883","7,883","119,549","7,677","7,677"
"경기도 안양시 동안구 (4117300000)","325,319","27,081","27,081","159,757","13,869","13,869","165,562","13,212","13,212","322,809","25,926","25,926","158,326","13,247","13,247","164,483","12,679","12,679","310,614","23,734","23,734","152,072","12,115","12,115","158,542","11,619","11,619"
"경기도 부천시 (4119000000)","843,768","66,236","66,236","420,179","33,943","33,943","423,589","32,293","32,293","829,996","61,998","61,998","412,500","31,753","31,753","417,496","30,245","30,245","818,383","57,224","57,224","406,023","29,381","29,381","412,360","27,843","27,843"
"경기도 광명시 (4121000000)","326,841","27,919","27,919","161,734","14,334","14,334","165,107","13,585","13,585","316,552","25,724","25,724","156,405","13,175","13,175","160,147","12,549","12,549","298,599","23,283","23,283","147,278","11,938","11,938","151,321","11,345","11,345"
"경기도 평택시 (4122000000)","495,642","47,583","47,583","254,336","24,393","24,393","241,306","23,190","23,190","513,027","48,243","48,243","264,012","24,714","24,714","249,015","23,529","23,529","537,307","49,153","49,153","277,617","25,032","25,032","259,690","24,121","24,121"
"경기도 송탄출장소 (4122200000)","","","","","","","","","","","","","","","","","","","0","0","0","0","0","0","0","0","0"
"경기도 안중출장소 (4122400000)","","","","","","","","","","","","","","","","","","","0","0","0","0","0","0","0","0","0"
"경기도 동두천시 (4125000000)","96,226","7,495","7,495","47,988","3,841","3,841","48,238","3,654","3,654","94,768","6,922","6,922","47,308","3,591","3,591","47,460","3,331","3,331","94,353","6,298","6,298","47,038","3,262","3,262","47,315","3,036","3,036"
"경기도 안산시 (4127000000)","660,343","49,519","49,519","338,701","25,260","25,260","321,642","24,259","24,259","650,918","46,439","46,439","333,766","23,665","23,665","317,152","22,774","22,774","654,915","44,632","44,632","335,804","22,718","22,718","319,111","21,914","21,914"
"경기도 안산시 상록구 (4127100000)","356,311","26,384","26,384","181,742","13,537","13,537","174,569","12,847","12,847","344,613","23,943","23,943","175,789","12,230","12,230","168,824","11,713","11,713","351,888","23,696","23,696","179,452","12,013","12,013","172,436","11,683","11,683"
"경기도 안산시 단원구 (4127300000)","304,032","23,135","23,135","156,959","11,723","11,723","147,073","11,412","11,412","306,305","22,496","22,496","157,977","11,435","11,435","148,328","11,061","11,061","303,027","20,936","20,936","156,352","10,705","10,705","146,675","10,231","10,231"
"경기도 고양시 (4128000000)","1,044,189","85,339","85,339","512,359","43,800","43,800","531,830","41,539","41,539","1,066,351","84,813","84,813","522,749","43,244","43,244","543,602","41,569","41,569","1,079,216","82,122","82,122","528,480","41,892","41,892","550,736","40,230","40,230"
"경기도 고양시 덕양구 (4128100000)","450,449","38,560","38,560","223,323","19,785","19,785","227,126","18,775","18,775","466,157","38,863","38,863","230,858","19,801","19,801","235,299","19,062","19,062","476,962","38,582","38,582","235,773","19,688","19,688","241,189","18,894","18,894"
"경기도 고양시 일산동구 (4128500000)","296,223","22,310","22,310","144,394","11,483","11,483","151,829","10,827","10,827","297,671","21,857","21,857","144,991","11,205","11,205","152,680","10,652","10,652","299,716","20,860","20,860","145,874","10,656","10,656","153,842","10,204","10,204"
"경기도 고양시 일산서구 (4128700000)","297,517","24,469","24,469","144,642","12,532","12,532","152,875","11,937","11,937","302,523","24,093","24,093","146,900","12,238","12,238","155,623","11,855","11,855","302,538","22,680","22,680","146,833","11,548","11,548","155,705","11,132","11,132"
"경기도 과천시 (4129000000)","58,142","4,489","4,489","28,423","2,337","2,337","29,719","2,152","2,152","58,289","4,507","4,507","28,638","2,374","2,374","29,651","2,133","2,133","63,231","5,175","5,175","31,068","2,700","2,700","32,163","2,475","2,475"
"경기도 구리시 (4131000000)","203,553","17,603","17,603","101,084","9,087","9,087","102,469","8,516","8,516","199,265","16,345","16,345","98,968","8,446","8,446","100,297","7,899","7,899","197,454","15,199","15,199","97,939","7,852","7,852","99,515","7,347","7,347"
"경기도 남양주시 (4136000000)","681,828","67,867","67,867","340,030","34,833","34,833","341,798","33,034","33,034","701,830","67,577","67,577","349,664","34,744","34,744","352,166","32,833","32,833","713,321","64,926","64,926","355,197","33,359","33,359","358,124","31,567","31,567"
"경기도 풍양출장소 (4136200000)","","","","","","","","","","","","","","","","","","","0","0","0","0","0","0","0","0","0"
"경기도 오산시 (4137000000)","220,070","26,142","26,142","113,237","13,431","13,431","106,833","12,711","12,711","226,379","25,263","25,263","116,904","12,933","12,933","109,475","12,330","12,330","229,725","23,784","23,784","118,785","12,105","12,105","110,940","11,679","11,679"
"경기도 시흥시 (4139000000)","448,687","44,256","44,256","234,840","22,700","22,700","213,847","21,556","21,556","473,682","46,800","46,800","247,804","23,935","23,935","225,878","22,865","22,865","500,895","48,317","48,317","261,730","24,606","24,606","239,165","23,711","23,711"
"경기도 군포시 (4141000000)","276,916","23,909","23,909","137,536","12,323","12,323","139,380","11,586","11,586","275,852","22,602","22,602","136,878","11,620","11,620","138,974","10,982","10,982","273,791","20,630","20,630","135,834","10,547","10,547","137,957","10,083","10,083"
"경기도 의왕시 (4143000000)","153,932","12,522","12,522","76,834","6,458","6,458","77,098","6,064","6,064","161,153","13,101","13,101","80,353","6,800","6,800","80,800","6,301","6,301","163,795","13,162","13,162","81,470","6,817","6,817","82,325","6,345","6,345"
"경기도 하남시 (4145000000)","254,415","28,362","28,362","127,865","14,504","14,504","126,550","13,858","13,858","272,455","29,647","29,647","136,985","15,178","15,178","135,470","14,469","14,469","293,452","30,194","30,194","147,424","15,438","15,438","146,028","14,756","14,756"
"경기도 용인시 (4146000000)","1,035,126","107,447","107,447","514,127","55,041","55,041","520,999","52,406","52,406","1,059,609","105,455","105,455","525,946","53,977","53,977","533,663","51,478","51,478","1,074,176","100,771","100,771","532,847","51,507","51,507","541,329","49,264","49,264"
"경기도 용인시 처인구 (4146100000)","249,118","22,765","22,765","127,616","11,674","11,674","121,502","11,091","11,091","253,896","22,326","22,326","130,034","11,396","11,396","123,862","10,930","10,930","257,498","21,222","21,222","131,974","10,834","10,834","125,524","10,388","10,388"
"경기도 용인시 기흥구 (4146300000)","427,719","47,518","47,518","211,619","24,404","24,404","216,100","23,114","23,114","436,679","45,852","45,852","215,796","23,567","23,567","220,883","22,285","22,285","440,835","42,799","42,799","217,663","21,958","21,958","223,172","20,841","20,841"
"경기도 용인시 수지구 (4146500000)","358,289","37,164","37,164","174,892","18,963","18,963","183,397","18,201","18,201","369,034","37,277","37,277","180,116","19,014","19,014","188,918","18,263","18,263","375,843","36,750","36,750","183,210","18,715","18,715","192,633","18,035","18,035"
"경기도 파주시 (4148000000)","451,848","47,105","47,105","229,250","23,970","23,970","222,598","23,135","23,135","454,040","45,350","45,350","230,461","23,090","23,090","223,579","22,260","22,260","465,617","44,314","44,314","236,049","22,654","22,654","229,568","21,660","21,660"
"경기도 이천시 (4150000000)","214,206","20,679","20,679","109,878","10,709","10,709","104,328","9,970","9,970","215,834","19,997","19,997","111,244","10,338","10,338","104,590","9,659","9,659","218,388","18,823","18,823","112,947","9,729","9,729","105,441","9,094","9,094"
"경기도 안성시 (4155000000)","183,579","15,844","15,844","94,095","8,128","8,128","89,484","7,716","7,716","183,405","14,940","14,940","94,227","7,669","7,669","89,178","7,271","7,271","187,012","14,048","14,048","96,355","7,219","7,219","90,657","6,829","6,829"
"경기도 김포시 (4157000000)","423,170","52,060","52,060","212,410","26,623","26,623","210,760","25,437","25,437","437,221","52,071","52,071","219,552","26,669","26,669","217,669","25,402","25,402","473,970","55,253","55,253","237,507","28,161","28,161","236,463","27,092","27,092"
"경기도 화성시 (4159000000)","758,722","101,365","101,365","392,871","51,823","51,823","365,851","49,542","49,542","815,396","105,609","105,609","422,470","54,027","54,027","392,926","51,582","51,582","855,248","104,485","104,485","443,841","53,416","53,416","411,407","51,069","51,069"
"경기도 화성시동부출장소 (4159200000)","","","","","","","","","","","","","","","","","","","0","0","0","0","0","0","0","0","0"
"경기도 화성시동탄출장소 (4159400000)","","","","","","","","","","","","","","","","","","","0","0","0","0","0","0","0","0","0"
"경기도 광주시 (4161000000)","363,782","36,442","36,442","186,309","18,696","18,696","177,473","17,746","17,746","372,654","36,223","36,223","190,774","18,624","18,624","181,880","17,599","17,599","382,054","35,190","35,190","195,298","18,074","18,074","186,756","17,116","17,116"
"경기도 양주시 (4163000000)","216,951","19,974","19,974","109,978","10,171","10,171","106,973","9,803","9,803","222,314","19,814","19,814","112,775","10,115","10,115","109,539","9,699","9,699","230,359","19,940","19,940","116,916","10,178","10,178","113,443","9,762","9,762"
"경기도 포천시 (4165000000)","150,676","10,143","10,143","79,310","5,242","5,242","71,366","4,901","4,901","148,379","9,318","9,318","78,231","4,826","4,826","70,148","4,492","4,492","147,274","8,579","8,579","77,905","4,439","4,439","69,369","4,140","4,140"
"경기도 여주시 (4167000000)","111,525","8,206","8,206","56,479","4,278","4,278","55,046","3,928","3,928","111,083","7,716","7,716","56,427","4,009","4,009","54,656","3,707","3,707","111,897","7,414","7,414","56,838","3,813","3,813","55,059","3,601","3,601"
"경기도 연천군 (4180000000)","44,633","3,204","3,204","23,364","1,644","1,644","21,269","1,560","1,560","43,824","2,939","2,939","22,962","1,502","1,502","20,862","1,437","1,437","43,516","2,730","2,730","22,799","1,394","1,394","20,717","1,336","1,336"
"경기도 가평군 (4182000000)","62,918","3,836","3,836","32,288","1,934","1,934","30,630","1,902","1,902","62,415","3,607","3,607","32,042","1,796","1,796","30,373","1,811","1,811","62,377","3,344","3,344","32,156","1,663","1,663","30,221","1,681","1,681"
"경기도 양평군 (4183000000)","116,095","7,963","7,963","58,396","4,083","4,083","57,699","3,880","3,880","116,874","7,620","7,620","58,654","3,899","3,899","58,220","3,721","3,721","118,810","7,298","7,298","59,563","3,732","3,732","59,247","3,566","3,566"
"강원도  (4200000000)","1,543,052","112,664","112,664","776,456","57,639","57,639","766,596","55,025","55,025","1,541,502","109,556","109,556","775,386","56,078","56,078","766,116","53,478","53,478","1,542,840","105,598","105,598","776,505","54,030","54,030","766,335","51,568","51,568"
"동해출장소  (4210500000)","","","","","","","","","","","","","","","","","","","0","0","0","0","0","0","0","0","0"
"강원도 춘천시 (4211000000)","280,640","22,634","22,634","138,243","11,583","11,583","142,397","11,051","11,051","281,291","22,272","22,272","138,700","11,408","11,408","142,591","10,864","10,864","282,765","21,669","21,669","139,576","11,116","11,116","143,189","10,553","10,553"
"강원도 원주시 (4213000000)","344,070","29,037","29,037","171,048","14,781","14,781","173,022","14,256","14,256","349,215","28,801","28,801","173,425","14,667","14,667","175,790","14,134","14,134","354,376","28,302","28,302","175,939","14,424","14,424","178,437","13,878","13,878"
"강원도 강릉시 (4215000000)","212,957","14,512","14,512","105,697","7,503","7,503","107,260","7,009","7,009","213,442","14,037","14,037","105,893","7,274","7,274","107,549","6,763","6,763","213,321","13,488","13,488","105,794","6,966","6,966","107,527","6,522","6,522"
"강원도 동해시 (4217000000)","91,272","7,306","7,306","46,212","3,735","3,735","45,060","3,571","3,571","90,522","6,876","6,876","45,845","3,543","3,543","44,677","3,333","3,333","90,593","6,625","6,625","45,991","3,414","3,414","44,602","3,211","3,211"
"강원도 태백시 (4219000000)","44,858","3,113","3,113","22,612","1,558","1,558","22,246","1,555","1,555","43,866","2,862","2,862","22,168","1,456","1,456","21,698","1,406","1,406","42,719","2,574","2,574","21,640","1,338","1,338","21,079","1,236","1,236"
"강원도 속초시 (4221000000)","81,682","6,052","6,052","40,248","3,041","3,041","41,434","3,011","3,011","81,786","5,961","5,961","40,420","3,000","3,000","41,366","2,961","2,961","82,665","5,859","5,859","40,965","2,981","2,981","41,700","2,878","2,878"
"강원도 삼척시 (4223000000)","68,326","4,310","4,310","34,587","2,252","2,252","33,739","2,058","2,058","67,228","4,139","4,139","34,038","2,112","2,112","33,190","2,027","2,027","65,243","3,861","3,861","33,011","1,962","1,962","32,232","1,899","1,899"
"강원도 홍천군 (4272000000)","69,949","4,401","4,401","35,671","2,234","2,234","34,278","2,167","2,167","69,150","4,061","4,061","35,359","2,033","2,033","33,791","2,028","2,028","69,242","3,800","3,800","35,663","1,911","1,911","33,579","1,889","1,889"
"강원도 횡성군 (4273000000)","46,726","2,403","2,403","23,828","1,234","1,234","22,898","1,169","1,169","46,575","2,291","2,291","23,785","1,188","1,188","22,790","1,103","1,103","46,472","2,159","2,159","23,822","1,134","1,134","22,650","1,025","1,025"
"강원도 영월군 (4275000000)","39,730","1,873","1,873","20,493","993","993","19,237","880","880","39,127","1,779","1,779","20,143","943","943","18,984","836","836","38,662","1,677","1,677","19,986","889","889","18,676","788","788"
"강원도 평창군 (4276000000)","42,610","2,212","2,212","21,771","1,108","1,108","20,839","1,104","1,104","42,106","2,036","2,036","21,550","1,032","1,032","20,556","1,004","1,004","41,681","1,868","1,868","21,321","920","920","20,360","948","948"
"강원도 정선군 (4277000000)","37,700","2,032","2,032","19,595","1,077","1,077","18,105","955","955","37,271","1,896","1,896","19,360","986","986","17,911","910","910","36,870","1,736","1,736","19,174","893","893","17,696","843","843"
"강원도 철원군 (4278000000)","46,413","3,469","3,469","24,408","1,781","1,781","22,005","1,688","1,688","45,584","3,446","3,446","23,767","1,772","1,772","21,817","1,674","1,674","44,699","3,365","3,365","23,216","1,706","1,706","21,483","1,659","1,659"
"강원도 화천군 (4279000000)","25,084","1,975","1,975","13,603","994","994","11,481","981","981","24,917","1,888","1,888","13,495","948","948","11,422","940","940","24,857","1,791","1,791","13,472","899","899","11,385","892","892"
"강원도 양구군 (4280000000)","23,408","1,935","1,935","12,462","967","967","10,946","968","968","22,764","1,887","1,887","12,082","943","943","10,682","944","944","22,278","1,702","1,702","11,829","861","861","10,449","841","841"
"강원도 인제군 (4281000000)","32,136","2,699","2,699","17,349","1,423","1,423","14,787","1,276","1,276","31,672","2,592","2,592","17,143","1,363","1,363","14,529","1,229","1,229","31,694","2,499","2,499","17,084","1,273","1,273","14,610","1,226","1,226"
"강원도 고성군 (4282000000)","28,144","1,345","1,345","14,729","682","682","13,415","663","663","27,260","1,348","1,348","14,114","691","691","13,146","657","657","26,757","1,273","1,273","13,802","651","651","12,955","622","622"
"강원도 양양군 (4283000000)","27,347","1,356","1,356","13,900","693","693","13,447","663","663","27,726","1,384","1,384","14,099","719","719","13,627","665","665","27,946","1,350","1,350","14,220","692","692","13,726","658","658"
"충청북도  (4300000000)","1,599,252","133,659","133,659","808,971","68,290","68,290","790,281","65,369","65,369","1,600,007","129,285","129,285","810,384","66,062","66,062","789,623","63,223","63,223","1,600,837","123,371","123,371","811,591","63,068","63,068","789,246","60,303","60,303"
"충청북도 청주시 (4311000000)","837,749","79,483","79,483","421,774","40,641","40,641","415,975","38,842","38,842","839,566","77,033","77,033","422,864","39,289","39,289","416,702","37,744","37,744","844,993","74,249","74,249","425,848","37,888","37,888","419,145","36,361","36,361"
"충청북도 청주시 상당구 (4311100000)","176,818","14,984","14,984","88,060","7,663","7,663","88,758","7,321","7,321","178,352","14,779","14,779","88,765","7,540","7,540","89,587","7,239","7,239","190,034","16,082","16,082","94,480","8,154","8,154","95,554","7,928","7,928"
"충청북도 청주시 서원구 (4311200000)","209,404","17,564","17,564","104,071","8,967","8,967","105,333","8,597","8,597","203,209","15,852","15,852","100,853","8,042","8,042","102,356","7,810","7,810","194,720","13,842","13,842","96,695","7,069","7,069","98,025","6,773","6,773"
"충청북도 청주시 흥덕구 (4311300000)","254,302","24,119","24,119","128,949","12,346","12,346","125,353","11,773","11,773","262,137","24,690","24,690","132,999","12,594","12,594","129,138","12,096","12,096","265,866","24,206","24,206","134,958","12,334","12,334","130,908","11,872","11,872"
"충청북도 청주시 청원구 (4311400000)","197,225","22,816","22,816","100,694","11,665","11,665","96,531","11,151","11,151","195,868","21,712","21,712","100,247","11,113","11,113","95,621","10,599","10,599","194,373","20,119","20,119","99,715","10,331","10,331","94,658","9,788","9,788"
"충청북도 충주시 (4313000000)","210,504","15,671","15,671","106,222","7,900","7,900","104,282","7,771","7,771","210,737","15,330","15,330","106,569","7,766","7,766","104,168","7,564","7,564","210,186","14,581","14,581","106,273","7,384","7,384","103,913","7,197","7,197"
"충청북도 제천시 (4315000000)","135,386","9,760","9,760","67,792","4,912","4,912","67,594","4,848","4,848","134,617","9,329","9,329","67,459","4,724","4,724","67,158","4,605","4,605","133,018","8,740","8,740","66,705","4,462","4,462","66,313","4,278","4,278"
"충청북도 보은군 (4372000000)","33,680","1,760","1,760","16,834","909","909","16,846","851","851","32,949","1,563","1,563","16,531","812","812","16,418","751","751","32,412","1,464","1,464","16,292","749","749","16,120","715","715"
"충청북도 옥천군 (4373000000)","51,465","2,953","2,953","25,911","1,526","1,526","25,554","1,427","1,427","51,023","2,781","2,781","25,707","1,462","1,462","25,316","1,319","1,319","50,527","2,590","2,590","25,489","1,351","1,351","25,038","1,239","1,239"
"충청북도 영동군 (4374000000)","49,715","2,719","2,719","24,663","1,421","1,421","25,052","1,298","1,298","48,738","2,582","2,582","24,181","1,345","1,345","24,557","1,237","1,237","47,475","2,336","2,336","23,624","1,190","1,190","23,851","1,146","1,146"
"충청북도 증평군 (4374500000)","37,317","3,748","3,748","19,229","1,916","1,916","18,088","1,832","1,832","37,392","3,599","3,599","19,350","1,834","1,834","18,042","1,765","1,765","36,807","3,242","3,242","19,129","1,679","1,679","17,678","1,563","1,563"
"충청북도 진천군 (4375000000)","78,218","7,575","7,575","40,839","3,871","3,871","37,379","3,704","3,704","81,084","7,765","7,765","42,388","3,992","3,992","38,696","3,773","3,773","83,718","7,728","7,728","43,836","3,993","3,993","39,882","3,735","3,735"
"충청북도 괴산군 (4376000000)","39,133","1,499","1,499","19,924","736","736","19,209","763","763","39,163","1,425","1,425","20,013","721","721","19,150","704","704","39,393","1,346","1,346","20,225","675","675","19,168","671","671"
"충청북도 음성군 (4377000000)","95,830","7,105","7,105","50,546","3,723","3,723","45,284","3,382","3,382","94,982","6,587","6,587","50,264","3,440","3,440","44,718","3,147","3,147","93,153","5,894","5,894","49,388","3,070","3,070","43,765","2,824","2,824"
"충청북도 단양군 (4380000000)","30,255","1,386","1,386","15,237","735","735","15,018","651","651","29,756","1,291","1,291","15,058","677","677","14,698","614","614","29,155","1,201","1,201","14,782","627","627","14,373","574","574"
"충청남도  (4400000000)","2,126,282","189,024","189,024","1,082,009","96,905","96,905","1,044,273","92,119","92,119","2,123,709","181,907","181,907","1,081,938","93,227","93,227","1,041,771","88,680","88,680","2,121,029","172,628","172,628","1,082,634","88,428","88,428","1,038,395","84,200","84,200"
"충청남도 천안시 (4413000000)","646,075","66,151","66,151","329,079","33,864","33,864","316,996","32,287","32,287","652,258","64,503","64,503","332,447","32,979","32,979","319,811","31,524","31,524","658,808","62,156","62,156","336,221","31,784","31,784","322,587","30,372","30,372"
"충청남도 천안시 동남구 (4413100000)","257,978","22,596","22,596","130,988","11,686","11,686","126,990","10,910","10,910","259,411","21,867","21,867","131,586","11,276","11,276","127,825","10,591","10,591","258,009","20,449","20,449","130,719","10,536","10,536","127,290","9,913","9,913"
"충청남도 천안시 서북구 (4413300000)","388,097","43,555","43,555","198,091","22,178","22,178","190,006","21,377","21,377","392,847","42,636","42,636","200,861","21,703","21,703","191,986","20,933","20,933","400,799","41,707","41,707","205,502","21,248","21,248","195,297","20,459","20,459"
"충청남도 공주시 (4415000000)","107,581","6,426","6,426","53,979","3,345","3,345","53,602","3,081","3,081","106,474","6,198","6,198","53,343","3,210","3,210","53,131","2,988","2,988","104,545","5,773","5,773","52,297","3,000","3,000","52,248","2,773","2,773"
"충청남도 보령시 (4418000000)","101,990","6,870","6,870","51,580","3,463","3,463","50,410","3,407","3,407","101,114","6,536","6,536","51,146","3,279","3,279","49,968","3,257","3,257","100,229","6,137","6,137","50,807","3,085","3,085","49,422","3,052","3,052"
"충청남도 아산시 (4420000000)","312,822","36,652","36,652","161,546","18,764","18,764","151,276","17,888","17,888","314,395","35,073","35,073","162,694","18,014","18,014","151,701","17,059","17,059","316,129","32,946","32,946","164,115","16,919","16,919","152,014","16,027","16,027"
"충청남도 서산시 (4421000000)","174,162","16,516","16,516","89,793","8,534","8,534","84,369","7,982","7,982","174,690","16,038","16,038","90,348","8,247","8,247","84,342","7,791","7,791","175,591","15,446","15,446","91,399","7,934","7,934","84,192","7,512","7,512"
"충청남도 논산시 (4423000000)","120,230","8,026","8,026","60,113","4,116","4,116","60,117","3,910","3,910","118,842","7,714","7,714","59,406","3,964","3,964","59,436","3,750","3,750","116,675","7,232","7,232","58,316","3,709","3,709","58,359","3,523","3,523"
"충청남도 계룡시 (4425000000)","43,731","4,532","4,532","21,674","2,308","2,308","22,057","2,224","2,224","42,971","4,173","4,173","21,338","2,123","2,123","21,633","2,050","2,050","42,822","3,863","3,863","21,343","1,952","1,952","21,479","1,911","1,911"
"충청남도 당진시 (4427000000)","167,770","17,331","17,331","88,423","8,888","8,888","79,347","8,443","8,443","167,042","16,622","16,622","88,299","8,511","8,511","78,743","8,111","8,111","166,249","15,561","15,561","88,206","7,950","7,950","78,043","7,611","7,611"
"충청남도 금산군 (4471000000)","53,222","3,059","3,059","26,836","1,572","1,572","26,386","1,487","1,487","52,257","2,797","2,797","26,309","1,424","1,424","25,948","1,373","1,373","51,413","2,565","2,565","25,928","1,305","1,305","25,485","1,260","1,260"
"충청남도 부여군 (4476000000)","68,078","3,343","3,343","33,721","1,757","1,757","34,357","1,586","1,586","66,740","3,168","3,168","33,049","1,688","1,688","33,691","1,480","1,480","65,354","2,924","2,924","32,374","1,553","1,553","32,980","1,371","1,371"
"충청남도 서천군 (4477000000)","53,922","2,649","2,649","26,620","1,331","1,331","27,302","1,318","1,318","52,805","2,485","2,485","26,110","1,246","1,246","26,695","1,239","1,239","51,866","2,306","2,306","25,614","1,158","1,158","26,252","1,148","1,148"
"충청남도 청양군 (4479000000)","32,296","1,476","1,476","16,271","745","745","16,025","731","731","31,717","1,364","1,364","15,997","701","701","15,720","663","663","30,948","1,269","1,269","15,691","648","648","15,257","621","621"
"충청남도 홍성군 (4480000000)","101,082","8,457","8,457","50,244","4,367","4,367","50,838","4,090","4,090","100,423","8,033","8,033","49,931","4,162","4,162","50,492","3,871","3,871","100,102","7,716","7,716","49,796","4,012","4,012","50,306","3,704","3,704"
"충청남도 예산군 (4481000000)","80,083","4,053","4,053","40,171","2,087","2,087","39,912","1,966","1,966","79,238","3,918","3,918","39,806","2,026","2,026","39,432","1,892","1,892","78,084","3,631","3,631","39,156","1,891","1,891","38,928","1,740","1,740"
"충청남도 태안군 (4482500000)","63,238","3,483","3,483","31,959","1,764","1,764","31,279","1,719","1,719","62,743","3,285","3,285","31,715","1,653","1,653","31,028","1,632","1,632","62,214","3,103","3,103","31,371","1,528","1,528","30,843","1,575","1,575"
"전라북도  (4500000000)","1,836,832","143,990","143,990","913,297","73,944","73,944","923,535","70,046","70,046","1,818,917","137,083","137,083","904,110","70,300","70,300","914,807","66,783","66,783","1,804,104","128,692","128,692","896,874","66,002","66,002","907,230","62,690","62,690"
"전라북도 전주시 (4511000000)","651,091","57,289","57,289","320,576","29,374","29,374","330,515","27,915","27,915","654,394","56,268","56,268","322,236","28,787","28,787","332,158","27,481","27,481","657,432","54,217","54,217","323,542","27,783","27,783","333,890","26,434","26,434"
"전라북도 전주시 완산구 (4511100000)","345,065","27,368","27,368","168,181","14,073","14,073","176,884","13,295","13,295","338,839","25,622","25,622","165,180","13,203","13,203","173,659","12,419","12,419","339,718","24,846","24,846","165,413","12,785","12,785","174,305","12,061","12,061"
"전라북도 전주시 덕진구 (4511300000)","306,026","29,921","29,921","152,395","15,301","15,301","153,631","14,620","14,620","315,555","30,646","30,646","157,056","15,584","15,584","158,499","15,062","15,062","317,714","29,371","29,371","158,129","14,998","14,998","159,585","14,373","14,373"
"전라북도 전주시효자출장소 (4511800000)","","","","","","","","","","","","","","","","","","","0","0","0","0","0","0","0","0","0"
"전라북도 군산시 (4513000000)","272,645","24,015","24,015","137,897","12,245","12,245","134,748","11,770","11,770","270,131","22,577","22,577","136,421","11,495","11,495","133,710","11,082","11,082","267,859","20,951","20,951","135,332","10,663","10,663","132,527","10,288","10,288"
"전라북도 익산시 (4514000000)","294,062","22,504","22,504","146,494","11,476","11,476","147,568","11,028","11,028","287,771","20,933","20,933","143,392","10,682","10,682","144,379","10,251","10,251","282,276","19,166","19,166","140,573","9,812","9,812","141,703","9,354","9,354"
"전라북도 익산시함열출장소 (4514500000)","","","","","","","","","","","","","","","","","","","0","0","0","0","0","0","0","0","0"
"전라북도 정읍시 (4518000000)","112,169","7,310","7,310","55,529","3,800","3,800","56,640","3,510","3,510","110,541","6,903","6,903","54,736","3,557","3,557","55,805","3,346","3,346","108,508","6,370","6,370","53,791","3,266","3,266","54,717","3,104","3,104"
"전라북도 남원시 (4519000000)","82,554","5,556","5,556","40,508","2,947","2,947","42,046","2,609","2,609","81,441","5,299","5,299","39,884","2,794","2,794","41,557","2,505","2,505","80,662","5,011","5,011","39,560","2,657","2,657","41,102","2,354","2,354"
"전라북도 김제시 (4521000000)","85,331","5,089","5,089","42,357","2,617","2,617","42,974","2,472","2,472","83,895","4,718","4,718","41,624","2,440","2,440","42,271","2,278","2,278","82,450","4,307","4,307","40,844","2,228","2,228","41,606","2,079","2,079"
"전라북도 완주군 (4571000000)","94,444","8,446","8,446","48,457","4,296","4,296","45,987","4,150","4,150","92,220","7,601","7,601","47,290","3,842","3,842","44,930","3,759","3,759","91,609","6,911","6,911","47,077","3,476","3,476","44,532","3,435","3,435"
"전라북도 진안군 (4572000000)","25,963","1,502","1,502","13,030","754","754","12,933","748","748","25,697","1,398","1,398","12,966","700","700","12,731","698","698","25,394","1,276","1,276","12,832","626","626","12,562","650","650"
"전라북도 무주군 (4573000000)","24,589","1,397","1,397","12,209","733","733","12,380","664","664","24,303","1,273","1,273","12,090","681","681","12,213","592","592","24,036","1,212","1,212","11,959","639","639","12,077","573","573"
"전라북도 장수군 (4574000000)","23,221","1,356","1,356","11,533","711","711","11,688","645","645","22,441","1,238","1,238","11,165","638","638","11,276","600","600","22,085","1,156","1,156","11,000","599","599","11,085","557","557"
"전라북도 임실군 (4575000000)","30,072","1,699","1,699","15,288","896","896","14,784","803","803","28,902","1,525","1,525","14,659","814","814","14,243","711","711","27,314","1,343","1,343","13,966","715","715","13,348","628","628"
"전라북도 순창군 (4577000000)","29,209","1,843","1,843","14,156","961","961","15,053","882","882","28,382","1,686","1,686","13,756","879","879","14,626","807","807","27,810","1,521","1,521","13,520","777","777","14,290","744","744"
"전라북도 고창군 (4579000000)","57,041","3,054","3,054","28,215","1,598","1,598","28,826","1,456","1,456","55,504","2,895","2,895","27,418","1,540","1,540","28,086","1,355","1,355","54,529","2,690","2,690","26,964","1,420","1,420","27,565","1,270","1,270"
"전라북도 부안군 (4580000000)","54,441","2,930","2,930","27,048","1,536","1,536","27,393","1,394","1,394","53,295","2,769","2,769","26,473","1,451","1,451","26,822","1,318","1,318","52,140","2,561","2,561","25,914","1,341","1,341","26,226","1,220","1,220"
"전라남도  (4600000000)","1,882,970","145,246","145,246","943,000","74,202","74,202","939,970","71,044","71,044","1,868,745","139,429","139,429","937,674","71,185","71,185","931,071","68,244","68,244","1,851,549","132,202","132,202","930,615","67,356","67,356","920,934","64,846","64,846"
"전라남도 목포시 (4611000000)","232,327","21,375","21,375","115,729","10,961","10,961","116,598","10,414","10,414","229,861","20,305","20,305","114,565","10,439","10,439","115,296","9,866","9,866","224,044","18,295","18,295","111,578","9,425","9,425","112,466","8,870","8,870"
"전라남도 여수시 (4613000000)","283,300","22,967","22,967","143,802","11,672","11,672","139,498","11,295","11,295","282,786","22,067","22,067","143,791","11,221","11,221","138,995","10,846","10,846","280,242","20,942","20,942","142,995","10,639","10,639","137,247","10,303","10,303"
"전라남도 순천시 (4615000000)","279,389","24,706","24,706","139,114","12,740","12,740","140,275","11,966","11,966","279,598","24,238","24,238","139,324","12,514","12,514","140,274","11,724","11,724","282,189","23,528","23,528","140,772","12,067","12,067","141,417","11,461","11,461"
"전라남도 나주시 (4617000000)","113,839","10,530","10,530","57,274","5,395","5,395","56,565","5,135","5,135","114,664","10,328","10,328","57,668","5,259","5,259","56,996","5,069","5,069","115,613","10,133","10,133","58,194","5,155","5,155","57,419","4,978","4,978"
"전라남도 광양시 (4623000000)","156,564","14,931","14,931","80,972","7,656","7,656","75,592","7,275","7,275","156,750","14,410","14,410","81,365","7,345","7,345","75,385","7,065","7,065","151,769","13,388","13,388","79,144","6,797","6,797","72,625","6,591","6,591"
"전라남도 담양군 (4671000000)","46,917","2,579","2,579","23,683","1,287","1,287","23,234","1,292","1,292","46,535","2,416","2,416","23,719","1,211","1,211","22,816","1,205","1,205","46,280","2,345","2,345","23,502","1,177","1,177","22,778","1,168","1,168"
"전라남도 곡성군 (4672000000)","29,624","1,369","1,369","14,417","690","690","15,207","679","679","28,887","1,220","1,220","14,114","620","620","14,773","600","600","28,039","1,085","1,085","13,707","556","556","14,332","529","529"
"전라남도 구례군 (4673000000)","27,117","1,355","1,355","13,191","672","672","13,926","683","683","26,563","1,252","1,252","12,924","614","614","13,639","638","638","25,719","1,141","1,141","12,519","563","563","13,200","578","578"
"전라남도 고흥군 (4677000000)","65,777","2,783","2,783","31,783","1,397","1,397","33,994","1,386","1,386","64,913","2,678","2,678","31,445","1,338","1,338","33,468","1,340","1,340","63,922","2,619","2,619","31,051","1,305","1,305","32,871","1,314","1,314"
"전라남도 보성군 (4678000000)","42,803","2,175","2,175","20,725","1,112","1,112","22,078","1,063","1,063","41,420","1,939","1,939","20,063","995","995","21,357","944","944","40,482","1,759","1,759","19,719","925","925","20,763","834","834"
"전라남도 화순군 (4679000000)","63,933","3,902","3,902","31,488","1,992","1,992","32,445","1,910","1,910","62,737","3,668","3,668","31,061","1,873","1,873","31,676","1,795","1,795","62,522","3,490","3,490","30,906","1,771","1,771","31,616","1,719","1,719"
"전라남도 장흥군 (4680000000)","39,312","2,146","2,146","19,085","1,118","1,118","20,227","1,028","1,028","38,563","2,095","2,095","18,690","1,077","1,077","19,873","1,018","1,018","37,800","2,014","2,014","18,381","1,033","1,033","19,419","981","981"
"전라남도 강진군 (4681000000)","36,144","2,070","2,070","17,350","1,039","1,039","18,794","1,031","1,031","35,286","1,949","1,949","16,944","981","981","18,342","968","968","34,597","1,775","1,775","16,715","875","875","17,882","900","900"
"전라남도 해남군 (4682000000)","71,901","4,718","4,718","35,253","2,351","2,351","36,648","2,367","2,367","70,354","4,390","4,390","34,642","2,215","2,215","35,712","2,175","2,175","68,806","4,004","4,004","33,975","2,012","2,012","34,831","1,992","1,992"
"전라남도 영암군 (4683000000)","54,731","4,144","4,144","28,118","2,123","2,123","26,613","2,021","2,021","54,593","3,955","3,955","28,027","1,997","1,997","26,566","1,958","1,958","53,699","3,539","3,539","27,595","1,769","1,769","26,104","1,770","1,770"
"전라남도 무안군 (4684000000)","81,991","7,631","7,631","41,104","3,890","3,890","40,887","3,741","3,741","81,105","7,234","7,234","40,659","3,680","3,680","40,446","3,554","3,554","86,132","7,795","7,795","43,254","4,009","4,009","42,878","3,786","3,786"
"전라남도 함평군 (4686000000)","33,420","1,644","1,644","16,642","874","874","16,778","770","770","32,861","1,503","1,503","16,404","783","783","16,457","720","720","32,050","1,387","1,387","16,062","721","721","15,988","666","666"
"전라남도 영광군 (4687000000)","54,127","3,726","3,726","27,000","1,890","1,890","27,127","1,836","1,836","53,852","3,795","3,795","26,828","1,928","1,928","27,024","1,867","1,867","53,099","3,765","3,765","26,468","1,926","1,926","26,631","1,839","1,839"
"전라남도 장성군 (4688000000)","45,795","3,250","3,250","23,205","1,640","1,640","22,590","1,610","1,610","45,739","3,090","3,090","23,489","1,567","1,567","22,250","1,523","1,523","44,464","2,781","2,781","22,781","1,403","1,403","21,683","1,378","1,378"
"전라남도 완도군 (4689000000)","51,477","3,510","3,510","25,822","1,803","1,803","25,655","1,707","1,707","50,689","3,356","3,356","25,457","1,732","1,732","25,232","1,624","1,624","49,916","3,153","3,153","25,099","1,624","1,624","24,817","1,529","1,529"
"전라남도 진도군 (4690000000)","31,219","1,879","1,879","15,328","935","935","15,891","944","944","30,715","1,808","1,808","15,093","888","888","15,622","920","920","31,227","1,704","1,704","15,429","809","809","15,798","895","895"
"전라남도 신안군 (4691000000)","41,263","1,856","1,856","21,915","965","965","19,348","891","891","40,274","1,733","1,733","21,402","908","908","18,872","825","825","38,938","1,560","1,560","20,769","795","795","18,169","765","765"
"경상북도  (4700000000)","2,676,831","207,609","207,609","1,346,689","107,358","107,358","1,330,142","100,251","100,251","2,665,836","200,184","200,184","1,342,037","103,223","103,223","1,323,799","96,961","96,961","2,639,422","189,561","189,561","1,329,211","97,729","97,729","1,310,211","91,832","91,832"
"경상북도 포항시 (4711000000)","510,013","43,445","43,445","257,789","22,656","22,656","252,224","20,789","20,789","507,025","41,886","41,886","256,140","21,707","21,707","250,885","20,179","20,179","502,916","39,673","39,673","254,222","20,600","20,600","248,694","19,073","19,073"
"경상북도 포항시 남구 (4711100000)","239,400","20,221","20,221","123,222","10,549","10,549","116,178","9,672","9,672","235,633","19,001","19,001","121,261","9,830","9,830","114,372","9,171","9,171","230,422","17,468","17,468","118,767","9,048","9,048","111,655","8,420","8,420"
"경상북도 포항시 북구 (4711300000)","270,613","23,224","23,224","134,567","12,107","12,107","136,046","11,117","11,117","271,392","22,885","22,885","134,879","11,877","11,877","136,513","11,008","11,008","272,494","22,205","22,205","135,455","11,552","11,552","137,039","10,653","10,653"
"경상북도 경주시 (4713000000)","256,864","17,582","17,582","128,802","9,000","9,000","128,062","8,582","8,582","255,402","16,942","16,942","127,928","8,642","8,642","127,474","8,300","8,300","253,502","16,196","16,196","126,911","8,296","8,296","126,591","7,900","7,900"
"경상북도 김천시 (4715000000)","141,104","11,254","11,254","70,663","5,804","5,804","70,441","5,450","5,450","141,229","10,992","10,992","70,743","5,659","5,659","70,486","5,333","5,333","140,548","10,437","10,437","70,525","5,416","5,416","70,023","5,021","5,021"
"경상북도 안동시 (4717000000)","162,180","11,822","11,822","80,204","6,199","6,199","81,976","5,623","5,623","160,052","11,208","11,208","79,239","5,900","5,900","80,813","5,308","5,308","158,907","10,643","10,643","78,661","5,582","5,582","80,246","5,061","5,061"
"경상북도 구미시 (4719000000)","421,494","44,869","44,869","215,863","23,196","23,196","205,631","21,673","21,673","419,742","43,510","43,510","215,208","22,462","22,462","204,534","21,048","21,048","416,328","41,366","41,366","213,720","21,312","21,312","202,608","20,054","20,054"
"경상북도 영주시 (4721000000)","106,801","7,035","7,035","52,941","3,624","3,624","53,860","3,411","3,411","105,067","6,595","6,595","52,060","3,415","3,415","53,007","3,180","3,180","103,119","6,100","6,100","51,070","3,153","3,153","52,049","2,947","2,947"
"경상북도 영천시 (4723000000)","101,595","5,880","5,880","51,453","3,017","3,017","50,142","2,863","2,863","102,470","5,915","5,915","52,100","3,008","3,008","50,370","2,907","2,907","102,015","5,699","5,699","51,812","2,888","2,888","50,203","2,811","2,811"
"경상북도 상주시 (4725000000)","100,297","5,740","5,740","49,046","3,002","3,002","51,251","2,738","2,738","100,688","5,451","5,451","49,378","2,820","2,820","51,310","2,631","2,631","97,228","5,200","5,200","47,634","2,688","2,688","49,594","2,512","2,512"
"경상북도 문경시 (4728000000)","71,874","4,309","4,309","35,174","2,258","2,258","36,700","2,051","2,051","72,242","4,178","4,178","35,391","2,184","2,184","36,851","1,994","1,994","71,406","4,072","4,072","35,000","2,115","2,115","36,406","1,957","1,957"
"경상북도 경산시 (4729000000)","261,093","22,362","22,362","131,537","11,412","11,412","129,556","10,950","10,950","263,185","21,681","21,681","132,616","11,072","11,072","130,569","10,609","10,609","263,728","20,476","20,476","132,805","10,441","10,441","130,923","10,035","10,035"
"경상북도 군위군 (4772000000)","23,919","792","792","12,188","430","430","11,731","362","362","23,843","751","751","12,166","401","401","11,677","350","350","23,256","681","681","11,892","370","370","11,364","311","311"
"경상북도 의성군 (4773000000)","52,944","2,030","2,030","25,838","1,049","1,049","27,106","981","981","52,595","2,025","2,025","25,720","1,051","1,051","26,875","974","974","51,724","1,911","1,911","25,265","1,002","1,002","26,459","909","909"
"경상북도 청송군 (4775000000)","25,678","1,102","1,102","12,762","554","554","12,916","548","548","25,416","1,048","1,048","12,694","545","545","12,722","503","503","25,044","979","979","12,482","503","503","12,562","476","476"
"경상북도 영양군 (4776000000)","17,356","822","822","8,567","443","443","8,789","379","379","16,993","799","799","8,419","419","419","8,574","380","380","16,692","726","726","8,263","385","385","8,429","341","341"
"경상북도 영덕군 (4777000000)","38,108","1,915","1,915","18,103","963","963","20,005","952","952","37,361","1,849","1,849","17,777","941","941","19,584","908","908","36,313","1,675","1,675","17,197","831","831","19,116","844","844"
"경상북도 청도군 (4782000000)","43,057","1,640","1,640","21,117","838","838","21,940","802","802","42,910","1,600","1,600","21,065","830","830","21,845","770","770","42,263","1,526","1,526","20,775","779","779","21,488","747","747"
"경상북도 고령군 (4783000000)","32,969","1,809","1,809","16,818","924","924","16,151","885","885","32,373","1,623","1,623","16,548","819","819","15,825","804","804","31,361","1,418","1,418","16,074","728","728","15,287","690","690"
"경상북도 성주군 (4784000000)","44,672","2,212","2,212","23,011","1,122","1,122","21,661","1,090","1,090","44,015","2,015","2,015","22,716","1,003","1,003","21,299","1,012","1,012","43,414","1,910","1,910","22,473","965","965","20,941","945","945"
"경상북도 칠곡군 (4785000000)","118,828","11,277","11,277","61,923","5,867","5,867","56,905","5,410","5,410","117,047","10,468","10,468","61,063","5,425","5,425","55,984","5,043","5,043","114,758","9,524","9,524","59,828","4,901","4,901","54,930","4,623","4,623"
"경상북도 예천군 (4790000000)","53,274","4,383","4,383","26,170","2,227","2,227","27,104","2,156","2,156","55,100","4,621","4,621","27,032","2,329","2,329","28,068","2,292","2,292","55,613","4,639","4,639","27,352","2,364","2,364","28,261","2,275","2,275"
"경상북도 봉화군 (4792000000)","32,843","1,674","1,674","16,409","895","895","16,434","779","779","32,150","1,532","1,532","16,146","815","815","16,004","717","717","31,494","1,385","1,385","15,853","713","713","15,641","672","672"
"경상북도 울진군 (4793000000)","50,036","3,187","3,187","24,983","1,633","1,633","25,053","1,554","1,554","49,314","3,034","3,034","24,658","1,540","1,540","24,656","1,494","1,494","48,716","2,933","2,933","24,441","1,494","1,494","24,275","1,439","1,439"
"경상북도 울릉군 (4794000000)","9,832","468","468","5,328","245","245","4,504","223","223","9,617","461","461","5,230","236","236","4,387","225","225","9,077","392","392","4,956","203","203","4,121","189","189"
"경상남도  (4800000000)","3,373,988","296,642","296,642","1,697,412","152,735","152,735","1,676,576","143,907","143,907","3,362,553","285,500","285,500","1,692,032","146,864","146,864","1,670,521","138,636","138,636","3,340,216","268,766","268,766","1,681,423","138,139","138,139","1,658,793","130,627","130,627"
"경상남도 창원시 (4812000000)","1,053,601","91,545","91,545","534,119","47,312","47,312","519,482","44,233","44,233","1,044,740","87,828","87,828","529,262","45,464","45,464","515,478","42,364","42,364","1,036,738","83,470","83,470","525,278","43,093","43,093","511,460","40,377","40,377"
"경상남도 창원시 의창구 (4812100000)","252,896","21,342","21,342","128,759","10,999","10,999","124,137","10,343","10,343","258,582","21,618","21,618","131,544","11,150","11,150","127,038","10,468","10,468","262,408","21,491","21,491","133,544","11,042","11,042","128,864","10,449","10,449"
"경상남도 창원시 성산구 (4812300000)","227,337","19,080","19,080","116,199","9,790","9,790","111,138","9,290","9,290","220,945","17,985","17,985","112,865","9,200","9,200","108,080","8,785","8,785","214,570","16,557","16,557","109,642","8,491","8,491","104,928","8,066","8,066"
"경상남도 창원시 마산합포구 (4812500000)","180,535","13,908","13,908","89,925","7,205","7,205","90,610","6,703","6,703","177,784","13,294","13,294","88,457","6,921","6,921","89,327","6,373","6,373","175,716","12,639","12,639","87,418","6,578","6,578","88,298","6,061","6,061"
"경상남도 창원시 마산회원구 (4812700000)","199,457","15,387","15,387","100,512","8,022","8,022","98,945","7,365","7,365","193,807","14,165","14,165","97,453","7,384","7,384","96,354","6,781","6,781","191,289","13,406","13,406","95,938","6,921","6,921","95,351","6,485","6,485"
"경상남도 창원시 진해구 (4812900000)","193,376","21,828","21,828","98,724","11,296","11,296","94,652","10,532","10,532","193,622","20,766","20,766","98,943","10,809","10,809","94,679","9,957","9,957","192,755","19,377","19,377","98,736","10,061","10,061","94,019","9,316","9,316"
"경상남도 진주시 (4817000000)","345,987","29,994","29,994","171,321","15,702","15,702","174,666","14,292","14,292","347,334","29,583","29,583","171,834","15,396","15,396","175,500","14,187","14,187","348,096","28,396","28,396","172,107","14,731","14,731","175,989","13,665","13,665"
"경상남도 통영시 (4822000000)","133,720","11,854","11,854","67,303","6,064","6,064","66,417","5,790","5,790","131,404","10,852","10,852","66,053","5,468","5,468","65,351","5,384","5,384","128,293","9,660","9,660","64,502","4,854","4,854","63,791","4,806","4,806"
"경상남도 사천시 (4824000000)","113,888","9,597","9,597","57,394","4,939","4,939","56,494","4,658","4,658","111,925","8,779","8,779","56,451","4,545","4,545","55,474","4,234","4,234","111,105","8,130","8,130","56,010","4,231","4,231","55,095","3,899","3,899"
"경상남도 사천남양출장소 (4824500000)","","","","","","","","","","","","","","","","","","","0","0","0","0","0","0","0","0","0"
"경상남도 김해시 (4825000000)","533,672","52,453","52,453","269,736","26,695","26,695","263,936","25,758","25,758","542,455","52,118","52,118","274,336","26,542","26,542","268,119","25,576","25,576","542,338","49,309","49,309","274,313","25,138","25,138","268,025","24,171","24,171"
"경상남도 장유출장소 (4825200000)","","","","","","","","","","","","","","","","","","","0","0","0","0","0","0","0","0","0"
"경상남도 밀양시 (4827000000)","106,744","6,212","6,212","52,161","3,168","3,168","54,583","3,044","3,044","105,552","5,936","5,936","51,618","3,006","3,006","53,934","2,930","2,930","104,831","5,620","5,620","51,356","2,856","2,856","53,475","2,764","2,764"
"경상남도 거제시 (4831000000)","250,516","30,656","30,656","131,003","15,798","15,798","119,513","14,858","14,858","248,276","28,840","28,840","130,141","14,871","14,871","118,135","13,969","13,969","245,754","26,716","26,716","128,978","13,823","13,823","116,776","12,893","12,893"
"경상남도 양산시 (4833000000)","348,639","37,299","37,299","175,184","19,101","19,101","173,455","18,198","18,198","350,759","36,334","36,334","176,114","18,584","18,584","174,645","17,750","17,750","352,229","34,597","34,597","176,641","17,680","17,680","175,588","16,917","16,917"
"경상남도 양산시웅상출장소 (4833200000)","","","","","","","","","","","","","","","","","","","0","0","0","0","0","0","0","0","0"
"경상남도 의령군 (4872000000)","27,667","1,278","1,278","13,418","678","678","14,249","600","600","27,168","1,156","1,156","13,242","592","592","13,926","564","564","26,800","1,074","1,074","13,140","548","548","13,660","526","526"
"경상남도 함안군 (4873000000)","67,025","5,053","5,053","33,923","2,548","2,548","33,102","2,505","2,505","65,700","4,618","4,618","33,203","2,303","2,303","32,497","2,315","2,315","64,182","4,098","4,098","32,561","2,047","2,047","31,621","2,051","2,051"
"경상남도 창녕군 (4874000000)","63,396","3,715","3,715","31,495","1,928","1,928","31,901","1,787","1,787","62,331","3,594","3,594","31,015","1,865","1,865","31,316","1,729","1,729","61,301","3,213","3,213","30,452","1,670","1,670","30,849","1,543","1,543"
"경상남도 고성군 (4882000000)","53,243","3,149","3,149","26,675","1,593","1,593","26,568","1,556","1,556","52,276","2,901","2,901","26,208","1,478","1,478","26,068","1,423","1,423","51,361","2,570","2,570","25,760","1,301","1,301","25,601","1,269","1,269"
"경상남도 남해군 (4884000000)","43,990","1,755","1,755","21,044","943","943","22,946","812","812","43,622","1,675","1,675","20,988","893","893","22,634","782","782","42,958","1,591","1,591","20,707","841","841","22,251","750","750"
"경상남도 하동군 (4885000000)","47,533","2,231","2,231","23,534","1,152","1,152","23,999","1,079","1,079","46,574","2,117","2,117","23,149","1,113","1,113","23,425","1,004","1,004","44,785","1,829","1,829","22,364","954","954","22,421","875","875"
"경상남도 산청군 (4886000000)","35,952","1,673","1,673","17,589","886","886","18,363","787","787","35,417","1,523","1,523","17,321","807","807","18,096","716","716","34,857","1,329","1,329","17,110","697","697","17,747","632","632"
"경상남도 함양군 (4887000000)","40,044","2,091","2,091","19,172","1,060","1,060","20,872","1,031","1,031","39,637","1,943","1,943","19,097","990","990","20,540","953","953","39,080","1,804","1,804","18,853","903","903","20,227","901","901"
"경상남도 거창군 (4888000000)","62,455","4,261","4,261","30,340","2,214","2,214","32,115","2,047","2,047","62,179","3,991","3,991","30,345","2,065","2,065","31,834","1,926","1,926","61,502","3,761","3,761","30,082","1,940","1,940","31,420","1,821","1,821"
"경상남도 합천군 (4889000000)","45,916","1,826","1,826","22,001","954","954","23,915","872","872","45,204","1,712","1,712","21,655","882","882","23,549","830","830","44,006","1,599","1,599","21,209","832","832","22,797","767","767"
"제주특별자치도  (5000000000)","667,191","63,719","63,719","335,719","32,824","32,824","331,472","30,895","30,895","670,989","62,286","62,286","337,345","32,032","32,032","333,644","30,254","30,254","674,635","60,297","60,297","338,609","30,968","30,968","336,026","29,329","29,329"
"제주특별자치도 제주시 (5011000000)","485,946","48,277","48,277","243,974","24,894","24,894","241,972","23,383","23,383","489,405","47,172","47,172","245,533","24,285","24,285","243,872","22,887","22,887","492,466","45,724","45,724","246,588","23,476","23,476","245,878","22,248","22,248"
"제주특별자치도 서귀포시 (5013000000)","181,245","15,442","15,442","91,745","7,930","7,930","89,500","7,512","7,512","181,584","15,114","15,114","91,812","7,747","7,747","89,772","7,367","7,367","182,169","14,573","14,573","92,021","7,492","7,492","90,148","7,081","7,081"
