사용일,라인,역명,승차,하차
20210701,1호선,서울역,41854,40070
20210701,1호선,동묘앞,8097,8459
20210701,1호선,시청,21905,22301
20210701,1호선,종각,36208,35430
20210701,1호선,종로3가,25002,22518
20210701,1호선,종로5가,22764,22786
20210701,1호선,동대문,11181,10597
20210701,1호선,신설동,14121,13751
20210701,1호선,제기동,17207,17555
20210701,1호선,청량리(서울시립대입구),19832,19926
20210701,2호선,시청,24167,23336
20210701,2호선,을지로입구,39394,40720
20210701,2호선,을지로3가,22911,22951
20210701,2호선,을지로4가,13317,13023
20210701,2호선,동대문역사문화공원(DDP),12284,13737
20210701,2호선,신당,13871,14532
20210701,2호선,상왕십리,14415,13996
20210701,2호선,왕십리(성동구청),15918,13025
20210701,2호선,한양대,6981,7560
20210701,2호선,뚝섬,23315,24919
20210701,2호선,성수,37893,41990
20210701,2호선,건대입구,34550,37065
20210701,2호선,구의(광진구청),23732,23432
20210701,2호선,강변(동서울터미널),30088,29105
20210701,2호선,잠실나루,14986,14727
20210701,2호선,잠실(송파구청),67407,67368
20210701,2호선,잠실새내,21210,21361
20210701,2호선,종합운동장,8541,9141
20210701,2호선,삼성(무역센터),53029,54447
20210701,2호선,선릉,58364,51940
20210701,2호선,역삼,52041,58598
20210701,2호선,강남,85943,84421
20210701,2호선,교대(법원.검찰청),34908,39604
20210701,2호선,서초,22082,21769
20210701,2호선,방배,16541,17440
20210701,2호선,사당,36364,39672
20210701,2호선,낙성대(강감찬),28061,26884
20210701,2호선,서울대입구(관악구청),48042,47010
20210701,2호선,봉천,24474,22552
20210701,2호선,신림,62954,60938
20210701,2호선,신대방,26855,25955
20210701,2호선,구로디지털단지,62712,63054
20210701,2호선,대림(구로구청),24215,24702
20210701,2호선,신도림,49225,48215
20210701,2호선,문래,22525,23121
20210701,2호선,영등포구청,23593,23862
20210701,2호선,당산,19528,22734
20210701,2호선,합정,30718,32126
20210701,2호선,홍대입구,48220,49524
20210701,2호선,신촌,32487,33341
20210701,2호선,이대,12827,13103
20210701,2호선,아현,10589,10134
20210701,2호선,충정로(경기대입구),10170,10849
20210701,2호선,용답,2662,2606
20210701,2호선,신답,1649,1898
20210701,2호선,신설동,3238,3221
20210701,2호선,도림천,1583,1584
20210701,2호선,양천구청,6975,7424
20210701,2호선,신정네거리,10522,10873
20210701,2호선,용두(동대문구청),2417,2487
20210701,3호선,지축,4368,4207
20210701,3호선,구파발,21279,20162
20210701,3호선,연신내,37574,35327
20210701,3호선,불광,16527,17609
20210701,3호선,녹번,15553,14222
20210701,3호선,홍제,17245,16217
20210701,3호선,무악재,4036,3947
20210701,3호선,독립문,7278,7552
20210701,3호선,경복궁(정부서울청사),20417,20223
20210701,3호선,안국,20545,21354
20210701,3호선,종로3가,10177,11729
20210701,3호선,을지로3가,10838,11321
20210701,3호선,동대입구,7515,7756
20210701,3호선,약수,13529,13175
20210701,3호선,금호,8414,7934
20210701,3호선,옥수,9329,9787
20210701,3호선,압구정,32112,34080
20210701,3호선,신사,30773,32152
20210701,3호선,잠원,4848,4769
20210701,3호선,고속터미널,38822,37592
20210701,3호선,교대(법원.검찰청),14679,9324
20210701,3호선,남부터미널(예술의전당),28900,29754
20210701,3호선,양재(서초구청),39769,43281
20210701,3호선,매봉,13052,12564
20210701,3호선,도곡,5639,5779
20210701,3호선,대치,10646,10675
20210701,3호선,학여울,1700,1849
20210701,3호선,대청,10334,9279
20210701,3호선,일원,10426,10172
20210701,3호선,수서,17021,17411
20210701,3호선,가락시장,9123,9067
20210701,3호선,경찰병원,7409,7379
20210701,3호선,오금,6277,5634
20210701,4호선,수유(강북구청),33615,33366
20210701,4호선,미아(서울사이버대학),14920,14476
20210701,4호선,미아사거리,27827,26923
20210701,4호선,길음,20375,19434
20210701,4호선,성신여대입구(돈암),19958,19021
20210701,4호선,한성대입구(삼선교),13745,13351
20210701,4호선,혜화,31750,32028
20210701,4호선,동대문,20713,21187
20210701,4호선,동대문역사문화공원(DDP),15094,14009
20210701,4호선,충무로,26411,27447
20210701,4호선,명동,17656,18327
20210701,4호선,회현(남대문시장),24357,25989
20210701,4호선,서울역,11073,15418
20210701,4호선,숙대입구(갈월),13117,12831
20210701,4호선,삼각지,5210,5791
20210701,4호선,신용산,16630,17644
20210701,4호선,이촌(국립중앙박물관),7706,8654
20210701,4호선,동작(현충원),2430,2643
20210701,4호선,총신대입구(이수),19430,20963
20210701,4호선,사당,24277,20449
20210701,4호선,남태령,1207,1024
20210701,4호선,당고개,13032,11804
20210701,4호선,상계,19516,17967
20210701,4호선,노원,19037,21115
20210701,4호선,창동,26035,27444
20210701,4호선,쌍문,29845,27343
20210701,5호선,방화,6995,6724
20210701,5호선,개화산,5586,5270
20210701,5호선,김포공항,7481,6926
20210701,5호선,송정,6665,6190
20210701,5호선,마곡,10737,10615
20210701,5호선,발산,20378,20857
20210701,5호선,우장산,14638,14259
20210701,5호선,화곡,28683,26737
20210701,5호선,까치산,29378,27966
20210701,5호선,신정(은행정),14128,11367
20210701,5호선,목동,17057,18560
20210701,5호선,오목교(목동운동장앞),22577,24445
20210701,5호선,양평,7774,7664
20210701,5호선,영등포구청,4090,4183
20210701,5호선,영등포시장,9700,9895
20210701,5호선,신길,4135,4390
20210701,5호선,여의도,28961,31041
20210701,5호선,여의나루,12554,13899
20210701,5호선,마포,14959,15236
20210701,5호선,공덕,15300,15924
20210701,5호선,애오개,7150,7243
20210701,5호선,충정로(경기대입구),4911,5042
20210701,5호선,서대문,19758,20192
20210701,5호선,광화문(세종문화회관),31352,33141
20210701,5호선,종로3가,12484,12355
20210701,5호선,을지로4가,6402,6493
20210701,5호선,동대문역사문화공원(DDP),2839,3381
20210701,5호선,청구,4063,3826
20210701,5호선,신금호,6619,6813
20210701,5호선,행당,8433,7529
20210701,5호선,왕십리(성동구청),4636,5043
20210701,5호선,마장,5466,5104
20210701,5호선,답십리,16157,14730
20210701,5호선,장한평,18733,18629
20210701,5호선,군자(능동),11199,12219
20210701,5호선,아차산(어린이대공원후문),13967,13725
20210701,5호선,광나루(장신대),13219,12111
20210701,5호선,천호(풍납토성),18192,18114
20210701,5호선,강동,18885,17877
20210701,5호선,길동,8218,8544
20210701,5호선,굽은다리(강동구민회관앞),10000,9344
20210701,5호선,명일,8840,9109
20210701,5호선,고덕,9675,9486
20210701,5호선,상일동,16482,14689
20210701,5호선,둔촌동,8747,8716
20210701,5호선,올림픽공원(한국체대),4659,4055
20210701,5호선,방이,7235,7432
20210701,5호선,오금,3976,3884
20210701,5호선,개롱,6787,7033
20210701,5호선,거여,8839,8485
20210701,5호선,마천,6650,6554
20210701,5호선,강일,3367,3476
20210701,5호선,미사,15303,15235
20210701,5호선,하남풍산,4164,4142
20210701,5호선,하남시청(덕풍·신장),5403,5383
20210701,5호선,하남검단산,5011,4953
20210701,6호선,응암,17909,17613
20210701,6호선,역촌,3976,4463
20210701,6호선,불광,4445,4327
20210701,6호선,독바위,2886,3076
20210701,6호선,구산,7854,5849
20210701,6호선,새절(신사),13058,12106
20210701,6호선,증산(명지대앞),10095,10023
20210701,6호선,디지털미디어시티,14083,15286
20210701,6호선,월드컵경기장(성산),4687,4994
20210701,6호선,마포구청,14537,13148
20210701,6호선,망원,14397,15551
20210701,6호선,합정,13040,12727
20210701,6호선,상수,7897,8794
20210701,6호선,광흥창(서강),9213,8821
20210701,6호선,대흥(서강대앞),8428,8633
20210701,6호선,공덕,18786,18243
20210701,6호선,효창공원앞,7187,6521
20210701,6호선,삼각지,6392,5527
20210701,6호선,녹사평(용산구청),5194,5046
20210701,6호선,이태원,9127,9385
20210701,6호선,한강진,8053,9437
20210701,6호선,버티고개,1996,1970
20210701,6호선,약수,3820,3715
20210701,6호선,청구,3903,4100
20210701,6호선,신당,8884,9104
20210701,6호선,동묘앞,7813,8070
20210701,6호선,창신,3797,3112
20210701,6호선,보문,7364,6676
20210701,6호선,안암(고대병원앞),10058,10083
20210701,6호선,고려대(종암),8064,7700
20210701,6호선,월곡(동덕여대),11309,11422
20210701,6호선,상월곡(한국과학기술연구원),6490,5871
20210701,6호선,돌곶이,9618,8994
20210701,6호선,석계,12365,12545
20210701,6호선,태릉입구,5468,6088
20210701,6호선,화랑대(서울여대입구),11633,9056
20210701,6호선,봉화산(서울의료원),9110,8416
20210701,6호선,신내,1,0
20210701,7호선,장암,2383,916
20210701,7호선,도봉산,9208,10865
20210701,7호선,수락산,13107,13064
20210701,7호선,마들,13123,12397
20210701,7호선,노원,19611,21040
20210701,7호선,중계,14655,13365
20210701,7호선,하계,17867,16806
20210701,7호선,공릉(서울과학기술대),11962,11872
20210701,7호선,태릉입구,8341,7940
20210701,7호선,먹골,10132,9964
20210701,7호선,중화,11281,11036
20210701,7호선,상봉(시외버스터미널),17086,16145
20210701,7호선,면목,15526,15035
20210701,7호선,사가정,16681,16491
20210701,7호선,용마산(용마폭포공원),6258,6093
20210701,7호선,중곡,10150,9373
20210701,7호선,군자(능동),14814,11843
20210701,7호선,어린이대공원(세종대),12138,12031
20210701,7호선,건대입구,11750,12091
20210701,7호선,뚝섬유원지,10021,9675
20210701,7호선,청담,19566,21901
20210701,7호선,강남구청,16854,18577
20210701,7호선,학동,24643,26550
20210701,7호선,논현,20971,22701
20210701,7호선,반포,5934,5714
20210701,7호선,고속터미널,14909,13108
20210701,7호선,내방,14818,15021
20210701,7호선,이수,15829,15450
20210701,7호선,남성,11515,10586
20210701,7호선,숭실대입구(살피재),11985,12223
20210701,7호선,상도,11099,10597
20210701,7호선,장승배기,9887,9619
20210701,7호선,신대방삼거리,16704,16105
20210701,7호선,보라매,10346,10179
20210701,7호선,신풍,12201,11538
20210701,7호선,대림(구로구청),7918,8017
20210701,7호선,남구로,16611,17703
20210701,7호선,가산디지털단지,48540,49132
20210701,7호선,철산,22264,22487
20210701,7호선,광명사거리,22422,22064
20210701,7호선,천왕,11900,11278
20210701,7호선,온수(성공회대입구),11123,10046
20210701,7호선,까치울,8148,7838
20210701,7호선,부천종합운동장,4856,4261
20210701,7호선,춘의,9887,9611
20210701,7호선,신중동,14703,14664
20210701,7호선,부천시청,13002,12978
20210701,7호선,상동,13180,13695
20210701,7호선,삼산체육관,5499,5086
20210701,7호선,굴포천,9212,9656
20210701,7호선,부평구청,8019,7087
20210701,8호선,암사,19249,17001
20210701,8호선,천호(풍납토성),15148,17083
20210701,8호선,강동구청,10583,10975
20210701,8호선,몽촌토성(평화의문),6170,6457
20210701,8호선,잠실(송파구청),13389,15821
20210701,8호선,석촌,7700,8994
20210701,8호선,송파,7989,7956
20210701,8호선,가락시장,7788,8523
20210701,8호선,문정,22526,23679
20210701,8호선,장지,17393,16464
20210701,8호선,복정,11004,9764
20210701,8호선,산성,6025,6079
20210701,8호선,남한산성입구(성남법원.검찰청),13660,12258
20210701,8호선,단대오거리,10324,10184
20210701,8호선,신흥,4482,4797
20210701,8호선,수진,5240,4749
20210701,8호선,모란,4413,3409
20210701,9호선,개화,2833,1966
20210701,9호선,김포공항,7879,11554
20210701,9호선,공항시장,2933,3114
20210701,9호선,신방화,7112,6922
20210701,9호선,마곡나루(서울식물원),11590,11697
20210701,9호선,양천향교,9347,9661
20210701,9호선,가양,20777,20243
20210701,9호선,증미,7774,7821
20210701,9호선,등촌,11690,11282
20210701,9호선,염창,17235,16838
20210701,9호선,신목동,4202,3680
20210701,9호선,선유도,8874,8595
20210701,9호선,당산,18506,18423
20210701,9호선,국회의사당,16193,17005
20210701,9호선,여의도,28064,26758
20210701,9호선,샛강,6259,6615
20210701,9호선,노량진,26044,25266
20210701,9호선,노들,4512,3817
20210701,9호선,흑석(중앙대입구),7668,7993
20210701,9호선,동작(현충원),1904,1526
20210701,9호선,구반포,2683,2805
20210701,9호선,신반포,3230,3241
20210701,9호선,고속터미널,12026,15626
20210701,9호선,사평,3439,3467
20210701,9호선,신논현,32333,32094
20210701,9호선2~3단계,언주,10461,10722
20210701,9호선2~3단계,선정릉,9854,10881
20210701,9호선2~3단계,삼성중앙,6907,7200
20210701,9호선2~3단계,봉은사,16543,16826
20210701,9호선2~3단계,종합운동장,4351,4368
20210701,9호선2~3단계,삼전,6802,6553
20210701,9호선2~3단계,석촌고분,6300,6227
20210701,9호선2~3단계,석촌,8280,7230
20210701,9호선2~3단계,송파나루,4968,5444
20210701,9호선2~3단계,한성백제,2659,2500
20210701,9호선2~3단계,올림픽공원(한국체대),5788,5833
20210701,9호선2~3단계,둔촌오륜,1336,1183
20210701,9호선2~3단계,중앙보훈병원,10599,9489
20210701,경강선,판교,4602,4607
20210701,경강선,이매,1173,943
20210701,경강선,삼동,2469,2223
20210701,경강선,경기광주,7204,6797
20210701,경강선,초월,3108,2933
20210701,경강선,곤지암,1955,2026
20210701,경강선,신둔도예촌,1329,1303
20210701,경강선,이천,2361,2507
20210701,경강선,부발,1769,1721
20210701,경강선,세종대왕릉,268,285
20210701,경강선,여주,1758,1799
20210701,경부선,서울역,5219,1690
20210701,경부선,남영,9771,10256
20210701,경부선,용산,31835,32909
20210701,경부선,노량진,8607,8625
20210701,경부선,대방,13229,13490
20210701,경부선,영등포,36911,38004
20210701,경부선,신도림,4365,4405
20210701,경부선,신길,9532,8013
20210701,경부선,구로,19091,19500
20210701,경부선,가산디지털단지,18893,21802
20210701,경부선,금천구청,11970,11905
20210701,경부선,석수,10198,9120
20210701,경부선,관악,7408,6855
20210701,경부선,안양,21924,21527
20210701,경부선,명학,9217,9287
20210701,경부선,금정,26476,26821
20210701,경부선,군포,7757,7682
20210701,경부선,의왕,9097,8969
20210701,경부선,성균관대,13920,13736
20210701,경부선,화서,7680,7460
20210701,경부선,수원,32340,34318
20210701,경부선,독산,17453,18454
20210701,경부선,세류,3082,2850
20210701,경부선,병점,13729,13719
20210701,경부선,세마,2701,2521
20210701,경부선,오산대,3256,3048
20210701,경부선,오산,9051,8963
20210701,경부선,진위,1613,1471
20210701,경부선,송탄,4007,3745
20210701,경부선,서정리,5896,5478
20210701,경부선,평택지제,2864,2857
20210701,경부선,평택,11096,10618
20210701,경부선,성환,3038,3052
20210701,경부선,직산,755,773
20210701,경부선,두정,4831,4956
20210701,경부선,천안,4600,4691
20210701,경부선,당정,6335,6109
20210701,경부선,서동탄,1562,1310
20210701,경부선,광명,3129,2784
20210701,경원선,이촌(국립중앙박물관),3969,3076
20210701,경원선,서빙고,1928,1804
20210701,경원선,한남,4283,4029
20210701,경원선,옥수,44,35
20210701,경원선,응봉,1863,1575
20210701,경원선,왕십리(성동구청),13591,15315
20210701,경원선,청량리(서울시립대입구),14585,15577
20210701,경원선,외대앞,7081,7213
20210701,경원선,신이문,8732,8029
20210701,경원선,석계,8087,9200
20210701,경원선,광운대,8128,7716
20210701,경원선,월계,6504,6190
20210701,경원선,녹천,4958,4166
20210701,경원선,창동,1,0
20210701,경원선,방학,9632,9446
20210701,경원선,도봉,5915,5782
20210701,경원선,도봉산,8068,5174
20210701,경원선,망월사,7159,7396
20210701,경원선,회룡,12286,12100
20210701,경원선,의정부,17433,17808
20210701,경원선,가능,6687,6453
20210701,경원선,녹양,4653,4523
20210701,경원선,양주,7489,7159
20210701,경원선,덕계,2864,2592
20210701,경원선,덕정,5101,4903
20210701,경원선,지행,6513,6540
20210701,경원선,동두천중앙,3204,3121
20210701,경원선,보산,1894,1521
20210701,경원선,동두천,2188,2438
20210701,경원선,소요산,3047,2534
20210701,경의선,서울역,4317,5497
20210701,경의선,신촌,831,1047
20210701,경의선,효창공원앞,2875,3347
20210701,경의선,공덕,3607,3289
20210701,경의선,서강대,2063,2003
20210701,경의선,홍대입구,1619,1761
20210701,경의선,가좌,5400,5026
20210701,경의선,디지털미디어시티,2577,2477
20210701,경의선,수색,2801,2884
20210701,경의선,화전,1633,1428
20210701,경의선,강매,3375,2806
20210701,경의선,행신,7886,7906
20210701,경의선,능곡,3749,3448
20210701,경의선,곡산,605,615
20210701,경의선,백마,7125,6879
20210701,경의선,풍산,5661,5213
20210701,경의선,일산,9478,9323
20210701,경의선,탄현,7991,7650
20210701,경의선,야당,7165,6826
20210701,경의선,운정,6823,6433
20210701,경의선,금릉,4841,4683
20210701,경의선,금촌,6556,6629
20210701,경의선,월롱,2218,2179
20210701,경의선,파주,1235,868
20210701,경의선,문산,5181,5208
20210701,경의선,임진강,18,10
20210701,경인선,개봉,21654,21824
20210701,경인선,오류동,12230,11416
20210701,경인선,역곡,27485,27158
20210701,경인선,부천,32319,32487
20210701,경인선,송내,27595,27654
20210701,경인선,부평,29901,31734
20210701,경인선,백운,7210,6992
20210701,경인선,동암,15110,15181
20210701,경인선,주안,18523,16843
20210701,경인선,제물포,10762,10296
20210701,경인선,동인천,14274,13521
20210701,경인선,인천,3866,3029
20210701,경인선,구일,7339,7528
20210701,경인선,소사,8625,8593
20210701,경인선,부개,8649,8150
20210701,경인선,간석,6213,5934
20210701,경인선,도원,3610,3677
20210701,경인선,온수(성공회대입구),7142,6884
20210701,경인선,중동,9428,8847
20210701,경인선,도화,4374,4048
20210701,경춘선,신내,1817,1759
20210701,경춘선,갈매,3306,2909
20210701,경춘선,별내,3215,3041
20210701,경춘선,퇴계원,3761,3474
20210701,경춘선,사릉,3448,3246
20210701,경춘선,금곡,1552,1584
20210701,경춘선,평내호평,6423,6253
20210701,경춘선,천마산,1673,1581
20210701,경춘선,마석,3950,3826
20210701,경춘선,대성리,541,488
20210701,경춘선,청평,1814,1766
20210701,경춘선,상천,287,277
20210701,경춘선,가평,1996,2139
20210701,경춘선,굴봉산,148,158
20210701,경춘선,백양리,87,88
20210701,경춘선,강촌,442,496
20210701,경춘선,김유정,321,325
20210701,경춘선,남춘천,2102,2120
20210701,경춘선,춘천,1176,1044
20210701,공항철도 1호선,서울역,7162,6468
20210701,공항철도 1호선,공덕,2285,2958
20210701,공항철도 1호선,홍대입구,8971,8962
20210701,공항철도 1호선,디지털미디어시티,14081,12883
20210701,공항철도 1호선,마곡나루(서울식물원),8358,8111
20210701,공항철도 1호선,김포공항,11900,6659
20210701,공항철도 1호선,계양,9346,8651
20210701,공항철도 1호선,검암,7037,6913
20210701,공항철도 1호선,청라국제도시,6850,6558
20210701,공항철도 1호선,운서,6229,6113
20210701,공항철도 1호선,공항화물청사,2378,2549
20210701,공항철도 1호선,인천공항1터미널,3299,3562
20210701,공항철도 1호선,인천공항2터미널,1951,2093
20210701,공항철도 1호선,영종,3000,3021
20210701,과천선,선바위,8674,7529
20210701,과천선,경마공원,1423,1412
20210701,과천선,대공원,3008,3139
20210701,과천선,과천,5930,5431
20210701,과천선,정부과천청사,10630,10504
20210701,과천선,인덕원,24487,25073
20210701,과천선,평촌,18244,18189
20210701,과천선,범계,26033,25682
20210701,분당선,선릉,13907,20839
20210701,분당선,한티,14147,14988
20210701,분당선,도곡,6919,6941
20210701,분당선,구룡,2142,2051
20210701,분당선,개포동,3882,4016
20210701,분당선,대모산입구,3373,3096
20210701,분당선,수서,13459,14010
20210701,분당선,복정,1,0
20210701,분당선,수원,7924,6506
20210701,분당선,서울숲,11476,11417
20210701,분당선,압구정로데오,19478,21336
20210701,분당선,강남구청,10342,11827
20210701,분당선,선정릉,8307,9017
20210701,분당선,가천대,6578,7408
20210701,분당선,태평,13567,13008
20210701,분당선,모란,19664,19800
20210701,분당선,야탑,25739,26761
20210701,분당선,서현,24942,25299
20210701,분당선,수내,13400,13432
20210701,분당선,정자,17862,19002
20210701,분당선,미금,15590,16537
20210701,분당선,오리,12090,10133
20210701,분당선,이매,5784,5382
20210701,분당선,보정,2658,2316
20210701,분당선,죽전,13264,14774
20210701,분당선,구성,4993,5159
20210701,분당선,신갈,4640,4548
20210701,분당선,기흥,9600,9116
20210701,분당선,상갈,5514,5216
20210701,분당선,청명,4253,4136
20210701,분당선,영통,8310,8542
20210701,분당선,망포,14272,13539
20210701,분당선,매탄권선,5175,5054
20210701,분당선,수원시청,12274,13366
20210701,분당선,매교,3232,3270
20210701,수인선,고색,4081,3795
20210701,수인선,오목천,2617,2414
20210701,수인선,어천,649,676
20210701,수인선,야목,266,221
20210701,수인선,사리,4253,3686
20210701,수인선,달월,89,64
20210701,수인선,월곶,2617,2460
20210701,수인선,소래포구,5224,4859
20210701,수인선,인천논현,5615,5966
20210701,수인선,호구포,3982,4171
20210701,수인선,남동인더스파크,2402,2666
20210701,수인선,원인재,4287,4527
20210701,수인선,연수,4509,4410
20210701,수인선,송도,2723,2444
20210701,수인선,인하대,5818,5508
20210701,수인선,숭의,4070,3833
20210701,수인선,신포,1887,1901
20210701,수인선,인천,1144,1890
20210701,안산선,산본,16266,17357
20210701,안산선,대야미,5110,4647
20210701,안산선,반월,4281,4131
20210701,안산선,상록수,15801,15915
20210701,안산선,한대앞,8768,8681
20210701,안산선,중앙,17354,17888
20210701,안산선,고잔,8805,8464
20210701,안산선,초지,4415,4606
20210701,안산선,안산,11459,10427
20210701,안산선,신길온천,1701,1552
20210701,안산선,정왕,7467,8108
20210701,안산선,오이도,8941,8628
20210701,안산선,수리산,4414,3571
20210701,우이신설선,북한산우이,2853,2573
20210701,우이신설선,솔밭공원,2596,2471
20210701,우이신설선,4.19민주묘지,2852,2818
20210701,우이신설선,가오리,4105,4149
20210701,우이신설선,화계,3334,3135
20210701,우이신설선,삼양,2037,2187
20210701,우이신설선,삼양사거리,2426,2436
20210701,우이신설선,솔샘,5791,5512
20210701,우이신설선,북한산보국문,5951,5728
20210701,우이신설선,정릉,4626,4337
20210701,우이신설선,성신여대입구(돈암),3291,3510
20210701,우이신설선,보문,1466,1480
20210701,우이신설선,신설동,2221,2125
20210701,일산선,원흥,10411,9956
20210701,일산선,지축,1,0
20210701,일산선,삼송,18937,17980
20210701,일산선,원당,11325,10899
20210701,일산선,화정,17213,17786
20210701,일산선,대곡,1828,1499
20210701,일산선,백석,10072,10058
20210701,일산선,마두,7266,7512
20210701,일산선,정발산,7523,7590
20210701,일산선,주엽,9123,9091
20210701,일산선,대화,13230,10444
20210701,장항선,봉명,1260,1148
20210701,장항선,쌍용(나사렛대),1827,1630
20210701,장항선,아산,2428,2350
20210701,장항선,배방,928,929
20210701,장항선,온양온천,3073,3172
20210701,장항선,신창(순천향대),1005,994
20210701,중앙선,회기,23712,22868
20210701,중앙선,중랑,5681,5334
20210701,중앙선,상봉(시외버스터미널),6102,6098
20210701,중앙선,망우,7706,7633
20210701,중앙선,양원,1987,2052
20210701,중앙선,구리,13576,13748
20210701,중앙선,도농,10145,9146
20210701,중앙선,양정,851,700
20210701,중앙선,덕소,5875,5855
20210701,중앙선,도심,2600,2051
20210701,중앙선,팔당,947,931
20210701,중앙선,운길산,850,864
20210701,중앙선,양수,2264,2310
20210701,중앙선,신원,199,189
20210701,중앙선,국수,769,753
20210701,중앙선,아신,542,544
20210701,중앙선,오빈,306,299
20210701,중앙선,양평,2723,2741
20210701,중앙선,원덕,401,362
20210701,중앙선,용문,1869,1974
20210701,중앙선,지평,85,104
20210702,1호선,서울역,45748,45778
20210702,1호선,동묘앞,8546,8871
20210702,1호선,시청,21859,22439
20210702,1호선,종각,35975,35270
20210702,1호선,종로3가,25860,23214
20210702,1호선,종로5가,23154,23232
20210702,1호선,동대문,11522,10830
20210702,1호선,신설동,14142,13723
20210702,1호선,제기동,17525,18048
20210702,1호선,청량리(서울시립대입구),20868,20891
20210702,2호선,시청,23837,23075
20210702,2호선,을지로입구,39910,40658
20210702,2호선,을지로3가,23390,23931
20210702,2호선,을지로4가,13641,13300
20210702,2호선,동대문역사문화공원(DDP),12640,14209
20210702,2호선,신당,14370,14981
20210702,2호선,상왕십리,14793,14272
20210702,2호선,왕십리(성동구청),16754,13944
20210702,2호선,한양대,7437,7634
20210702,2호선,뚝섬,23384,25575
20210702,2호선,성수,38356,42235
20210702,2호선,건대입구,36656,40351
20210702,2호선,구의(광진구청),24191,23608
20210702,2호선,강변(동서울터미널),33280,33368
20210702,2호선,잠실나루,15026,14487
20210702,2호선,잠실(송파구청),71257,71444
20210702,2호선,잠실새내,22773,23341
20210702,2호선,종합운동장,9857,10672
20210702,2호선,삼성(무역센터),56695,57590
20210702,2호선,선릉,58820,51735
20210702,2호선,역삼,51264,57019
20210702,2호선,강남,91383,90085
20210702,2호선,교대(법원.검찰청),35469,40241
20210702,2호선,서초,22279,21540
20210702,2호선,방배,16553,17255
20210702,2호선,사당,38295,41660
20210702,2호선,낙성대(강감찬),28677,26573
20210702,2호선,서울대입구(관악구청),50140,48308
20210702,2호선,봉천,25002,22494
20210702,2호선,신림,64569,62527
20210702,2호선,신대방,27241,25985
20210702,2호선,구로디지털단지,63028,62580
20210702,2호선,대림(구로구청),24817,25344
20210702,2호선,신도림,51271,50594
20210702,2호선,문래,22649,23449
20210702,2호선,영등포구청,23798,24006
20210702,2호선,당산,19559,22764
20210702,2호선,합정,32257,34427
20210702,2호선,홍대입구,50963,54062
20210702,2호선,신촌,34114,35116
20210702,2호선,이대,13126,13473
20210702,2호선,아현,11152,10482
20210702,2호선,충정로(경기대입구),10446,10896
20210702,2호선,용답,2765,2683
20210702,2호선,신답,1716,1949
20210702,2호선,신설동,3322,3209
20210702,2호선,도림천,1604,1616
20210702,2호선,양천구청,7069,7424
20210702,2호선,신정네거리,10712,11085
20210702,2호선,용두(동대문구청),2525,2543
20210702,3호선,지축,4311,4175
20210702,3호선,구파발,21534,20171
20210702,3호선,연신내,38875,36634
20210702,3호선,불광,17028,18036
20210702,3호선,녹번,15837,14197
20210702,3호선,홍제,17919,16734
20210702,3호선,무악재,4034,3931
20210702,3호선,독립문,7620,7442
20210702,3호선,경복궁(정부서울청사),20881,20444
20210702,3호선,안국,20920,21566
20210702,3호선,종로3가,10106,12056
20210702,3호선,을지로3가,11128,11801
20210702,3호선,충무로,2,0
20210702,3호선,동대입구,7272,7676
20210702,3호선,약수,13777,13388
20210702,3호선,금호,8531,7994
20210702,3호선,옥수,9656,9976
20210702,3호선,압구정,34367,36549
20210702,3호선,신사,32399,34436
20210702,3호선,잠원,5260,5057
20210702,3호선,고속터미널,44699,47924
20210702,3호선,교대(법원.검찰청),15058,9663
20210702,3호선,남부터미널(예술의전당),30909,32112
20210702,3호선,양재(서초구청),41716,43815
20210702,3호선,매봉,13029,12472
20210702,3호선,도곡,5931,5969
20210702,3호선,대치,10608,10791
20210702,3호선,학여울,1795,1852
20210702,3호선,대청,10551,9643
20210702,3호선,일원,10478,9980
20210702,3호선,수서,18713,19103
20210702,3호선,가락시장,9739,9562
20210702,3호선,경찰병원,7542,7538
20210702,3호선,오금,6356,5704
20210702,4호선,수유(강북구청),34937,34523
20210702,4호선,미아(서울사이버대학),15318,14543
20210702,4호선,미아사거리,28799,28088
20210702,4호선,길음,20667,19522
20210702,4호선,성신여대입구(돈암),20939,19778
20210702,4호선,한성대입구(삼선교),14498,13796
20210702,4호선,혜화,32133,31783
20210702,4호선,동대문,21097,21713
20210702,4호선,동대문역사문화공원(DDP),15263,14096
20210702,4호선,충무로,26634,27722
20210702,4호선,명동,18074,19139
20210702,4호선,회현(남대문시장),24615,26248
20210702,4호선,서울역,11042,17427
20210702,4호선,숙대입구(갈월),13557,13138
20210702,4호선,삼각지,5254,6013
20210702,4호선,신용산,16990,18124
20210702,4호선,이촌(국립중앙박물관),7805,8763
20210702,4호선,동작(현충원),2605,2728
20210702,4호선,총신대입구(이수),19814,21685
20210702,4호선,사당,26133,21832
20210702,4호선,남태령,1623,1371
20210702,4호선,당고개,13217,12073
20210702,4호선,상계,19824,18283
20210702,4호선,노원,19801,22323
20210702,4호선,창동,26518,27811
20210702,4호선,쌍문,30627,27720
20210702,5호선,방화,7133,6804
20210702,5호선,개화산,5647,5260
20210702,5호선,김포공항,8547,8105
20210702,5호선,송정,7004,6418
20210702,5호선,마곡,10762,10562
20210702,5호선,발산,20185,21217
20210702,5호선,우장산,14816,14310
20210702,5호선,화곡,29187,27069
20210702,5호선,까치산,29813,28309
20210702,5호선,신정(은행정),14456,11303
20210702,5호선,목동,17499,18833
20210702,5호선,오목교(목동운동장앞),23263,25347
20210702,5호선,양평,7831,7630
20210702,5호선,영등포구청,4132,4188
20210702,5호선,영등포시장,9917,10097
20210702,5호선,신길,4235,4381
20210702,5호선,여의도,28689,30702
20210702,5호선,여의나루,13864,15484
20210702,5호선,마포,14660,15147
20210702,5호선,공덕,15064,16117
20210702,5호선,애오개,7134,7064
20210702,5호선,충정로(경기대입구),4980,5059
20210702,5호선,서대문,19588,19848
20210702,5호선,광화문(세종문화회관),30521,32540
20210702,5호선,종로3가,12895,13341
20210702,5호선,을지로4가,6286,6740
20210702,5호선,동대문역사문화공원(DDP),2876,3492
20210702,5호선,청구,4166,3857
20210702,5호선,신금호,6794,6844
20210702,5호선,행당,8542,7393
20210702,5호선,왕십리(성동구청),4889,5416
20210702,5호선,마장,5765,5296
20210702,5호선,답십리,16618,14889
20210702,5호선,장한평,19260,18742
20210702,5호선,군자(능동),11695,12850
20210702,5호선,아차산(어린이대공원후문),14187,13711
20210702,5호선,광나루(장신대),13389,12277
20210702,5호선,천호(풍납토성),19039,19125
20210702,5호선,강동,19084,17978
20210702,5호선,길동,8392,8684
20210702,5호선,굽은다리(강동구민회관앞),10208,9655
20210702,5호선,명일,9017,9243
20210702,5호선,고덕,9975,9826
20210702,5호선,상일동,16616,14848
20210702,5호선,둔촌동,9055,8979
20210702,5호선,올림픽공원(한국체대),5271,5065
20210702,5호선,방이,7052,7245
20210702,5호선,오금,4062,3990
20210702,5호선,개롱,6836,7126
20210702,5호선,거여,9088,8493
20210702,5호선,마천,6670,6693
20210702,5호선,강일,3428,3375
20210702,5호선,미사,15515,15566
20210702,5호선,하남풍산,4335,4237
20210702,5호선,하남시청(덕풍·신장),5531,5510
20210702,5호선,하남검단산,5217,5163
20210702,6호선,응암,18315,17802
20210702,6호선,역촌,4063,4598
20210702,6호선,불광,4663,4491
20210702,6호선,독바위,2910,3019
20210702,6호선,구산,8026,5863
20210702,6호선,새절(신사),13229,12206
20210702,6호선,증산(명지대앞),10389,10086
20210702,6호선,디지털미디어시티,13908,14988
20210702,6호선,월드컵경기장(성산),4699,5014
20210702,6호선,마포구청,14662,12929
20210702,6호선,망원,14963,16362
20210702,6호선,합정,13875,13629
20210702,6호선,상수,8116,9262
20210702,6호선,광흥창(서강),9342,9019
20210702,6호선,대흥(서강대앞),8440,8630
20210702,6호선,공덕,19202,18522
20210702,6호선,효창공원앞,7176,6421
20210702,6호선,삼각지,6583,5753
20210702,6호선,녹사평(용산구청),5598,5393
20210702,6호선,이태원,10425,11446
20210702,6호선,한강진,8309,9749
20210702,6호선,버티고개,2061,2031
20210702,6호선,약수,3823,3844
20210702,6호선,청구,4002,4161
20210702,6호선,신당,8927,9272
20210702,6호선,동묘앞,8096,8137
20210702,6호선,창신,3735,3018
20210702,6호선,보문,7627,6885
20210702,6호선,안암(고대병원앞),10441,10352
20210702,6호선,고려대(종암),8222,7689
20210702,6호선,월곡(동덕여대),11744,11623
20210702,6호선,상월곡(한국과학기술연구원),6530,5761
20210702,6호선,돌곶이,9334,8560
20210702,6호선,석계,12417,12652
20210702,6호선,태릉입구,5473,6141
20210702,6호선,화랑대(서울여대입구),11791,9157
20210702,6호선,봉화산(서울의료원),9082,8520
20210702,7호선,장암,2452,1003
20210702,7호선,도봉산,9185,10676
20210702,7호선,수락산,13244,13084
20210702,7호선,마들,13389,12398
20210702,7호선,노원,20855,22631
20210702,7호선,중계,14973,13368
20210702,7호선,하계,18024,16736
20210702,7호선,공릉(서울과학기술대),12275,12156
20210702,7호선,태릉입구,8464,8094
20210702,7호선,먹골,10560,10287
20210702,7호선,중화,11528,11007
20210702,7호선,상봉(시외버스터미널),17887,17000
20210702,7호선,면목,15787,15178
20210702,7호선,사가정,17060,16842
20210702,7호선,용마산(용마폭포공원),6438,6131
20210702,7호선,중곡,10333,9508
20210702,7호선,군자(능동),15404,12422
20210702,7호선,어린이대공원(세종대),12396,11999
20210702,7호선,건대입구,12421,12790
20210702,7호선,뚝섬유원지,10797,10891
20210702,7호선,청담,19603,22178
20210702,7호선,강남구청,16889,18769
20210702,7호선,학동,24205,26004
20210702,7호선,논현,21249,23136
20210702,7호선,반포,6135,5888
20210702,7호선,고속터미널,17104,14532
20210702,7호선,내방,14877,15198
20210702,7호선,이수,16409,16136
20210702,7호선,남성,11543,10440
20210702,7호선,숭실대입구(살피재),12165,12022
20210702,7호선,상도,11118,10499
20210702,7호선,장승배기,9900,9397
20210702,7호선,신대방삼거리,16806,15991
20210702,7호선,보라매,10287,10042
20210702,7호선,신풍,12219,11621
20210702,7호선,대림(구로구청),8055,8200
20210702,7호선,남구로,16542,17596
20210702,7호선,가산디지털단지,48310,48176
20210702,7호선,철산,22657,23605
20210702,7호선,광명사거리,23428,22864
20210702,7호선,천왕,12172,11326
20210702,7호선,온수(성공회대입구),10964,10059
20210702,7호선,까치울,8095,7847
20210702,7호선,부천종합운동장,4959,4289
20210702,7호선,춘의,10037,9724
20210702,7호선,신중동,15187,15201
20210702,7호선,부천시청,13733,13709
20210702,7호선,상동,13548,14339
20210702,7호선,삼산체육관,5687,5003
20210702,7호선,굴포천,9467,9978
20210702,7호선,부평구청,8159,7163
20210702,8호선,암사,19645,17115
20210702,8호선,천호(풍납토성),15326,18184
20210702,8호선,강동구청,11003,11138
20210702,8호선,몽촌토성(평화의문),6071,6326
20210702,8호선,잠실(송파구청),14371,17109
20210702,8호선,석촌,7994,9449
20210702,8호선,송파,8069,7918
20210702,8호선,가락시장,8121,9055
20210702,8호선,문정,22505,23633
20210702,8호선,장지,17782,16805
20210702,8호선,복정,11279,9927
20210702,8호선,산성,6078,6105
20210702,8호선,남한산성입구(성남법원.검찰청),14103,12262
20210702,8호선,단대오거리,10739,10278
20210702,8호선,신흥,4564,4941
20210702,8호선,수진,5321,4911
20210702,8호선,모란,4630,3599
20210702,9호선,개화,2880,1867
20210702,9호선,김포공항,8982,13337
20210702,9호선,공항시장,3028,3151
20210702,9호선,신방화,7155,6900
20210702,9호선,마곡나루(서울식물원),11966,11885
20210702,9호선,양천향교,9685,9628
20210702,9호선,가양,21203,20436
20210702,9호선,증미,7877,7808
20210702,9호선,등촌,11873,11416
20210702,9호선,염창,17579,17043
20210702,9호선,신목동,4231,3655
20210702,9호선,선유도,8844,8539
20210702,9호선,당산,19108,18831
20210702,9호선,국회의사당,15970,16146
20210702,9호선,여의도,28038,26759
20210702,9호선,샛강,6107,6481
20210702,9호선,노량진,27210,26074
20210702,9호선,노들,4704,4010
20210702,9호선,흑석(중앙대입구),7976,8120
20210702,9호선,동작(현충원),1952,1497
20210702,9호선,구반포,2736,2932
20210702,9호선,신반포,3516,3401
20210702,9호선,고속터미널,13694,18927
20210702,9호선,사평,3783,3649
20210702,9호선,신논현,35463,35290
20210702,9호선2~3단계,언주,10599,10665
20210702,9호선2~3단계,선정릉,10190,11072
20210702,9호선2~3단계,삼성중앙,6825,7121
20210702,9호선2~3단계,봉은사,18160,18674
20210702,9호선2~3단계,종합운동장,4447,4578
20210702,9호선2~3단계,삼전,7039,6784
20210702,9호선2~3단계,석촌고분,6270,6051
20210702,9호선2~3단계,석촌,8609,7451
20210702,9호선2~3단계,송파나루,4967,5617
20210702,9호선2~3단계,한성백제,2674,2470
20210702,9호선2~3단계,올림픽공원(한국체대),8849,8911
20210702,9호선2~3단계,둔촌오륜,1326,1197
20210702,9호선2~3단계,중앙보훈병원,10553,9125
20210702,경강선,판교,4866,4803
20210702,경강선,이매,1228,967
20210702,경강선,삼동,2478,2238
20210702,경강선,경기광주,7614,7233
20210702,경강선,초월,3350,3031
20210702,경강선,곤지암,2296,2306
20210702,경강선,신둔도예촌,1466,1348
20210702,경강선,이천,2781,2960
20210702,경강선,부발,2398,1861
20210702,경강선,세종대왕릉,336,306
20210702,경강선,여주,2166,2254
20210702,경부선,서울역,6997,2420
20210702,경부선,남영,9823,10119
20210702,경부선,용산,36645,38368
20210702,경부선,노량진,8914,9011
20210702,경부선,대방,13556,13606
20210702,경부선,영등포,40662,42140
20210702,경부선,신도림,4406,4378
20210702,경부선,신길,9839,8121
20210702,경부선,구로,19619,20077
20210702,경부선,가산디지털단지,19062,21947
20210702,경부선,금천구청,12372,12354
20210702,경부선,석수,10150,8958
20210702,경부선,관악,7433,7030
20210702,경부선,안양,22212,22272
20210702,경부선,명학,9002,8997
20210702,경부선,금정,27119,27049
20210702,경부선,군포,7838,7728
20210702,경부선,의왕,9380,9097
20210702,경부선,성균관대,14508,14302
20210702,경부선,화서,7838,7517
20210702,경부선,수원,36687,40012
20210702,경부선,독산,17668,18647
20210702,경부선,세류,3365,3088
20210702,경부선,병점,15218,15109
20210702,경부선,세마,2938,2729
20210702,경부선,오산대,3601,3329
20210702,경부선,오산,10342,10012
20210702,경부선,진위,1970,1527
20210702,경부선,송탄,4934,4359
20210702,경부선,서정리,7187,6066
20210702,경부선,평택지제,3464,3338
20210702,경부선,평택,13064,12765
20210702,경부선,성환,3502,3204
20210702,경부선,직산,874,832
20210702,경부선,두정,6264,6375
20210702,경부선,천안,5565,5905
20210702,경부선,당정,6472,6037
20210702,경부선,서동탄,1608,1462
20210702,경부선,광명,3617,3456
20210702,경원선,이촌(국립중앙박물관),4082,3071
20210702,경원선,서빙고,1950,1728
20210702,경원선,한남,4246,4146
20210702,경원선,옥수,60,37
20210702,경원선,응봉,1897,1622
20210702,경원선,왕십리(성동구청),14551,16455
20210702,경원선,청량리(서울시립대입구),16897,18336
20210702,경원선,외대앞,7323,7220
20210702,경원선,신이문,8842,8029
20210702,경원선,석계,8368,9338
20210702,경원선,광운대,8313,7769
20210702,경원선,월계,6667,6247
20210702,경원선,녹천,4972,4223
20210702,경원선,방학,9861,9641
20210702,경원선,도봉,6126,5814
20210702,경원선,도봉산,7906,5017
20210702,경원선,망월사,7365,7401
20210702,경원선,회룡,12742,12556
20210702,경원선,의정부,18607,19611
20210702,경원선,가능,6736,6488
20210702,경원선,녹양,4736,4495
20210702,경원선,양주,7789,7248
20210702,경원선,덕계,3074,2698
20210702,경원선,덕정,5310,5126
20210702,경원선,지행,6711,6829
20210702,경원선,동두천중앙,3267,3108
20210702,경원선,보산,2024,1722
20210702,경원선,동두천,2137,2452
20210702,경원선,소요산,3048,2620
20210702,경의선,서울역,4146,5634
20210702,경의선,신촌,870,1154
20210702,경의선,효창공원앞,2928,3301
20210702,경의선,공덕,3698,3376
20210702,경의선,서강대,2195,2111
20210702,경의선,홍대입구,1638,1822
20210702,경의선,가좌,5592,5200
20210702,경의선,디지털미디어시티,2663,2593
20210702,경의선,수색,2827,2879
20210702,경의선,화전,1674,1520
20210702,경의선,강매,3380,2921
20210702,경의선,행신,7940,8155
20210702,경의선,능곡,3804,3443
20210702,경의선,곡산,610,612
20210702,경의선,백마,7104,6638
20210702,경의선,풍산,5759,5475
20210702,경의선,일산,9322,9276
20210702,경의선,탄현,7919,7633
20210702,경의선,야당,7237,7204
20210702,경의선,운정,6932,6486
20210702,경의선,금릉,4871,4851
20210702,경의선,금촌,6657,6568
20210702,경의선,월롱,2606,2092
20210702,경의선,파주,1354,830
20210702,경의선,문산,5295,5252
20210702,경의선,임진강,23,14
20210702,경인선,개봉,22072,22196
20210702,경인선,오류동,12638,11624
20210702,경인선,역곡,27910,27588
20210702,경인선,부천,33526,34366
20210702,경인선,송내,28314,28049
20210702,경인선,부평,31399,34513
20210702,경인선,백운,7522,7343
20210702,경인선,동암,15696,15863
20210702,경인선,주안,19304,17570
20210702,경인선,제물포,11029,10495
20210702,경인선,동인천,14875,14081
20210702,경인선,인천,3942,3095
20210702,경인선,구일,6505,6563
20210702,경인선,소사,8814,8560
20210702,경인선,부개,8932,8399
20210702,경인선,간석,6344,6076
20210702,경인선,도원,3639,3664
20210702,경인선,온수(성공회대입구),7307,6882
20210702,경인선,중동,9571,8980
20210702,경인선,도화,4433,4117
20210702,경춘선,신내,1779,1828
20210702,경춘선,갈매,3375,3031
20210702,경춘선,별내,3323,3192
20210702,경춘선,퇴계원,3791,3510
20210702,경춘선,사릉,3521,3388
20210702,경춘선,금곡,1671,1569
20210702,경춘선,평내호평,6613,6601
20210702,경춘선,천마산,1709,1608
20210702,경춘선,마석,4095,4130
20210702,경춘선,대성리,568,538
20210702,경춘선,청평,1871,1992
20210702,경춘선,상천,309,294
20210702,경춘선,가평,2336,2334
20210702,경춘선,굴봉산,149,159
20210702,경춘선,백양리,95,111
20210702,경춘선,강촌,513,559
20210702,경춘선,김유정,376,403
20210702,경춘선,남춘천,2993,3047
20210702,경춘선,춘천,1383,1329
20210702,공항철도 1호선,서울역,8528,8456
20210702,공항철도 1호선,공덕,2313,3054
20210702,공항철도 1호선,홍대입구,9647,9802
20210702,공항철도 1호선,디지털미디어시티,14415,12766
20210702,공항철도 1호선,마곡나루(서울식물원),8084,7762
20210702,공항철도 1호선,김포공항,14525,7454
20210702,공항철도 1호선,계양,9655,8855
20210702,공항철도 1호선,검암,7153,6969
20210702,공항철도 1호선,청라국제도시,6921,6568
20210702,공항철도 1호선,운서,6554,6411
20210702,공항철도 1호선,공항화물청사,2289,2479
20210702,공항철도 1호선,인천공항1터미널,3560,3925
20210702,공항철도 1호선,인천공항2터미널,2008,1949
20210702,공항철도 1호선,영종,3146,3265
20210702,과천선,선바위,8958,7616
20210702,과천선,경마공원,1299,1286
20210702,과천선,대공원,2790,2987
20210702,과천선,과천,6017,5423
20210702,과천선,정부과천청사,10732,10533
20210702,과천선,인덕원,25027,23717
20210702,과천선,평촌,18580,18365
20210702,과천선,범계,27502,27606
20210702,분당선,선릉,14013,21008
20210702,분당선,한티,14737,15545
20210702,분당선,도곡,7096,6902
20210702,분당선,구룡,2380,2187
20210702,분당선,개포동,3997,4155
20210702,분당선,대모산입구,3382,3135
20210702,분당선,수서,14737,15754
20210702,분당선,수원,8745,7459
20210702,분당선,서울숲,11676,11635
20210702,분당선,압구정로데오,20952,23694
20210702,분당선,강남구청,10695,12169
20210702,분당선,선정릉,8365,8997
20210702,분당선,가천대,6896,7473
20210702,분당선,태평,13898,13194
20210702,분당선,모란,20529,20797
20210702,분당선,야탑,26795,28001
20210702,분당선,서현,26878,27308
20210702,분당선,수내,13666,13560
20210702,분당선,정자,18435,19537
20210702,분당선,미금,16586,17493
20210702,분당선,오리,12490,10418
20210702,분당선,이매,6021,5508
20210702,분당선,보정,2848,2438
20210702,분당선,죽전,14391,15679
20210702,분당선,구성,5156,5346
20210702,분당선,신갈,4990,4707
20210702,분당선,기흥,9995,9570
20210702,분당선,상갈,5833,5570
20210702,분당선,청명,4785,4421
20210702,분당선,영통,9218,9292
20210702,분당선,망포,15692,14425
20210702,분당선,매탄권선,5504,5100
20210702,분당선,수원시청,13399,15177
20210702,분당선,매교,3253,3381
20210702,수인선,고색,4269,3946
20210702,수인선,오목천,2846,2493
20210702,수인선,어천,849,827
20210702,수인선,야목,261,221
20210702,수인선,사리,4579,3932
20210702,수인선,달월,100,78
20210702,수인선,월곶,2750,2647
20210702,수인선,소래포구,5320,5158
20210702,수인선,인천논현,5914,6189
20210702,수인선,호구포,4124,4263
20210702,수인선,남동인더스파크,2319,2597
20210702,수인선,원인재,4547,4776
20210702,수인선,연수,4770,4702
20210702,수인선,송도,2674,2520
20210702,수인선,인하대,6081,5577
20210702,수인선,숭의,4154,3884
20210702,수인선,신포,1990,2022
20210702,수인선,인천,1188,1869
20210702,안산선,산본,16794,18299
20210702,안산선,대야미,5275,4691
20210702,안산선,반월,4507,4326
20210702,안산선,상록수,16369,16346
20210702,안산선,한대앞,9163,9281
20210702,안산선,중앙,18471,19681
20210702,안산선,고잔,9116,8759
20210702,안산선,초지,4598,4659
20210702,안산선,안산,12044,11080
20210702,안산선,신길온천,1757,1703
20210702,안산선,정왕,8231,8438
20210702,안산선,오이도,9333,9234
20210702,안산선,수리산,4560,3562
20210702,우이신설선,북한산우이,2685,2485
20210702,우이신설선,솔밭공원,2520,2455
20210702,우이신설선,4.19민주묘지,2917,2776
20210702,우이신설선,가오리,4329,4279
20210702,우이신설선,화계,3400,3033
20210702,우이신설선,삼양,2082,2174
20210702,우이신설선,삼양사거리,2450,2530
20210702,우이신설선,솔샘,5981,5498
20210702,우이신설선,북한산보국문,6005,5676
20210702,우이신설선,정릉,4700,4429
20210702,우이신설선,성신여대입구(돈암),3290,3665
20210702,우이신설선,보문,1492,1535
20210702,우이신설선,신설동,2109,2141
20210702,일산선,원흥,10711,10203
20210702,일산선,삼송,19131,18312
20210702,일산선,원당,11661,11278
20210702,일산선,화정,17864,18176
20210702,일산선,대곡,1948,1584
20210702,일산선,백석,10367,10376
20210702,일산선,마두,7698,8042
20210702,일산선,정발산,7684,7893
20210702,일산선,주엽,9290,9465
20210702,일산선,대화,13831,11123
20210702,장항선,봉명,1221,1167
20210702,장항선,쌍용(나사렛대),1859,1709
20210702,장항선,아산,3154,3224
20210702,장항선,배방,1106,1027
20210702,장항선,온양온천,3473,3611
20210702,장항선,신창(순천향대),1345,1087
20210702,중앙선,회기,24722,23151
20210702,중앙선,중랑,5860,5519
20210702,중앙선,상봉(시외버스터미널),6469,6471
20210702,중앙선,망우,7915,7771
20210702,중앙선,양원,2111,1954
20210702,중앙선,구리,14349,14656
20210702,중앙선,도농,10409,9427
20210702,중앙선,양정,858,772
20210702,중앙선,덕소,6070,6117
20210702,중앙선,도심,2668,2091
20210702,중앙선,팔당,1011,1026
20210702,중앙선,운길산,809,753
20210702,중앙선,양수,2206,2290
20210702,중앙선,신원,208,179
20210702,중앙선,국수,791,776
20210702,중앙선,아신,549,595
20210702,중앙선,오빈,286,296
20210702,중앙선,양평,2928,3133
20210702,중앙선,원덕,334,380
20210702,중앙선,용문,1956,2242
20210702,중앙선,지평,77,94
20210703,1호선,서울역,26929,27300
20210703,1호선,동묘앞,8612,8737
20210703,1호선,시청,8587,8957
20210703,1호선,종각,18584,18138
20210703,1호선,종로3가,17048,17680
20210703,1호선,종로5가,20945,17892
20210703,1호선,동대문,10108,9211
20210703,1호선,신설동,8496,8155
20210703,1호선,제기동,13458,13922
20210703,1호선,청량리(서울시립대입구),16378,16707
20210703,2호선,시청,7643,6711
20210703,2호선,을지로입구,18841,18362
20210703,2호선,을지로3가,10914,10338
20210703,2호선,을지로4가,6881,6436
20210703,2호선,동대문역사문화공원(DDP),9090,9893
20210703,2호선,신당,9586,10286
20210703,2호선,상왕십리,8716,8413
20210703,2호선,왕십리(성동구청),12064,10221
20210703,2호선,한양대,3732,3754
20210703,2호선,뚝섬,11250,11605
20210703,2호선,성수,16274,17469
20210703,2호선,건대입구,29728,30857
20210703,2호선,구의(광진구청),14649,14572
20210703,2호선,강변(동서울터미널),23487,23930
20210703,2호선,잠실나루,6579,6550
20210703,2호선,잠실(송파구청),55559,52978
20210703,2호선,잠실새내,15776,16214
20210703,2호선,종합운동장,4706,5350
20210703,2호선,삼성(무역센터),32266,31844
20210703,2호선,선릉,22319,19997
20210703,2호선,역삼,16790,17932
20210703,2호선,강남,55661,54163
20210703,2호선,교대(법원.검찰청),15555,17585
20210703,2호선,서초,9028,7448
20210703,2호선,방배,8614,8954
20210703,2호선,사당,25634,28121
20210703,2호선,낙성대(강감찬),19118,17917
20210703,2호선,서울대입구(관악구청),34603,32914
20210703,2호선,봉천,15326,14389
20210703,2호선,신림,44788,43185
20210703,2호선,신대방,17904,17745
20210703,2호선,구로디지털단지,30190,30140
20210703,2호선,대림(구로구청),16211,17306
20210703,2호선,신도림,36956,36789
20210703,2호선,문래,10878,11533
20210703,2호선,영등포구청,11411,11851
20210703,2호선,당산,11041,12051
20210703,2호선,합정,23263,24901
20210703,2호선,홍대입구,45187,45330
20210703,2호선,신촌,27477,27650
20210703,2호선,이대,8985,9687
20210703,2호선,아현,6876,6749
20210703,2호선,충정로(경기대입구),5377,5761
20210703,2호선,용답,1843,1891
20210703,2호선,신답,891,951
20210703,2호선,신설동,2799,2584
20210703,2호선,도림천,776,841
20210703,2호선,양천구청,4001,4161
20210703,2호선,신정네거리,6572,6771
20210703,2호선,용두(동대문구청),1617,1621
20210703,3호선,지축,2527,2401
20210703,3호선,구파발,13396,13515
20210703,3호선,연신내,26811,24925
20210703,3호선,불광,11765,13207
20210703,3호선,녹번,9259,8310
20210703,3호선,홍제,11899,11430
20210703,3호선,무악재,2387,2431
20210703,3호선,독립문,4880,5267
20210703,3호선,경복궁(정부서울청사),13491,13114
20210703,3호선,안국,12556,12904
20210703,3호선,종로3가,4775,7246
20210703,3호선,을지로3가,6030,6088
20210703,3호선,동대입구,4763,5107
20210703,3호선,약수,8361,8035
20210703,3호선,금호,5330,4940
20210703,3호선,옥수,6282,6538
20210703,3호선,압구정,24090,24681
20210703,3호선,신사,22009,22038
20210703,3호선,잠원,2988,2993
20210703,3호선,고속터미널,44159,45040
20210703,3호선,교대(법원.검찰청),6235,3739
20210703,3호선,남부터미널(예술의전당),18164,18480
20210703,3호선,양재(서초구청),19498,20584
20210703,3호선,매봉,5691,5471
20210703,3호선,도곡,3227,3193
20210703,3호선,대치,7491,6930
20210703,3호선,학여울,1751,1733
20210703,3호선,대청,5212,4862
20210703,3호선,일원,4297,4399
20210703,3호선,수서,11900,12263
20210703,3호선,가락시장,5521,5239
20210703,3호선,경찰병원,3699,3594
20210703,3호선,오금,3311,3014
20210703,4호선,수유(강북구청),23476,23136
20210703,4호선,미아(서울사이버대학),9775,9375
20210703,4호선,미아사거리,19737,19277
20210703,4호선,길음,12352,12050
20210703,4호선,성신여대입구(돈암),14686,14202
20210703,4호선,한성대입구(삼선교),9435,9194
20210703,4호선,혜화,24036,24220
20210703,4호선,동대문,13055,12730
20210703,4호선,동대문역사문화공원(DDP),10278,8803
20210703,4호선,충무로,11350,11604
20210703,4호선,명동,10773,12428
20210703,4호선,회현(남대문시장),16357,16422
20210703,4호선,서울역,4692,10254
20210703,4호선,숙대입구(갈월),7842,7620
20210703,4호선,삼각지,2859,3640
20210703,4호선,신용산,8521,9482
20210703,4호선,이촌(국립중앙박물관),5935,6434
20210703,4호선,동작(현충원),1443,1506
20210703,4호선,총신대입구(이수),13055,14072
20210703,4호선,사당,18344,15313
20210703,4호선,남태령,1003,685
20210703,4호선,당고개,9038,8613
20210703,4호선,상계,12400,11756
20210703,4호선,노원,14767,15595
20210703,4호선,창동,17045,18277
20210703,4호선,쌍문,19013,17438
20210703,5호선,방화,4182,4011
20210703,5호선,개화산,3337,3259
20210703,5호선,김포공항,7285,7218
20210703,5호선,송정,4568,4516
20210703,5호선,마곡,4705,4760
20210703,5호선,발산,12137,12670
20210703,5호선,우장산,8371,8611
20210703,5호선,화곡,17964,16659
20210703,5호선,까치산,18924,18455
20210703,5호선,신정(은행정),8133,7302
20210703,5호선,목동,10210,10410
20210703,5호선,오목교(목동운동장앞),14932,15209
20210703,5호선,양평,3451,3306
20210703,5호선,영등포구청,1951,1794
20210703,5호선,영등포시장,6741,6726
20210703,5호선,신길,2563,2550
20210703,5호선,여의도,14019,12739
20210703,5호선,여의나루,5190,8390
20210703,5호선,마포,7573,7100
20210703,5호선,공덕,7308,7366
20210703,5호선,애오개,3622,3554
20210703,5호선,충정로(경기대입구),2061,1912
20210703,5호선,서대문,6734,6467
20210703,5호선,광화문(세종문화회관),13099,13885
20210703,5호선,종로3가,9371,9355
20210703,5호선,을지로4가,3587,3955
20210703,5호선,동대문역사문화공원(DDP),933,1163
20210703,5호선,청구,2292,2246
20210703,5호선,신금호,3542,3745
20210703,5호선,행당,5016,4437
20210703,5호선,왕십리(성동구청),3234,3640
20210703,5호선,마장,3534,3478
20210703,5호선,답십리,9409,8739
20210703,5호선,장한평,10095,10034
20210703,5호선,군자(능동),7722,8502
20210703,5호선,아차산(어린이대공원후문),10588,10213
20210703,5호선,광나루(장신대),8547,8384
20210703,5호선,천호(풍납토성),14934,13898
20210703,5호선,강동,11245,10823
20210703,5호선,길동,5592,5733
20210703,5호선,굽은다리(강동구민회관앞),6571,6262
20210703,5호선,명일,5490,5411
20210703,5호선,고덕,5661,5557
20210703,5호선,상일동,8783,8544
20210703,5호선,둔촌동,5841,5792
20210703,5호선,올림픽공원(한국체대),4512,4080
20210703,5호선,방이,4454,4505
20210703,5호선,오금,1991,1893
20210703,5호선,개롱,3986,4124
20210703,5호선,거여,4916,4768
20210703,5호선,마천,4137,4224
20210703,5호선,강일,2072,1958
20210703,5호선,미사,9866,9846
20210703,5호선,하남풍산,2494,2565
20210703,5호선,하남시청(덕풍·신장),4024,3918
20210703,5호선,하남검단산,4066,4221
20210703,6호선,응암,11203,11262
20210703,6호선,역촌,2512,2909
20210703,6호선,불광,3895,3237
20210703,6호선,독바위,1870,2204
20210703,6호선,연신내,1,0
20210703,6호선,구산,4619,3803
20210703,6호선,새절(신사),7862,7773
20210703,6호선,증산(명지대앞),6639,6656
20210703,6호선,디지털미디어시티,6273,6572
20210703,6호선,월드컵경기장(성산),3665,3738
20210703,6호선,마포구청,8460,7790
20210703,6호선,망원,11428,12033
20210703,6호선,합정,10557,9500
20210703,6호선,상수,6631,7558
20210703,6호선,광흥창(서강),4989,4512
20210703,6호선,대흥(서강대앞),5034,5046
20210703,6호선,공덕,8869,8630
20210703,6호선,효창공원앞,4154,3790
20210703,6호선,삼각지,4535,3573
20210703,6호선,녹사평(용산구청),3932,4161
20210703,6호선,이태원,9275,9872
20210703,6호선,한강진,6847,7852
20210703,6호선,버티고개,1249,1344
20210703,6호선,약수,2404,2258
20210703,6호선,청구,2304,2238
20210703,6호선,신당,5923,4547
20210703,6호선,동묘앞,6557,6261
20210703,6호선,창신,2029,1727
20210703,6호선,보문,4644,4278
20210703,6호선,안암(고대병원앞),5535,5302
20210703,6호선,고려대(종암),4680,4365
20210703,6호선,월곡(동덕여대),6743,6694
20210703,6호선,상월곡(한국과학기술연구원),3722,3313
20210703,6호선,돌곶이,5495,5096
20210703,6호선,석계,8017,8098
20210703,6호선,태릉입구,3762,3875
20210703,6호선,화랑대(서울여대입구),6076,5106
20210703,6호선,봉화산(서울의료원),4831,4755
20210703,7호선,장암,1423,1041
20210703,7호선,도봉산,5616,7911
20210703,7호선,수락산,9429,9304
20210703,7호선,마들,7907,7722
20210703,7호선,노원,14647,14847
20210703,7호선,중계,8319,7594
20210703,7호선,하계,10776,10406
20210703,7호선,공릉(서울과학기술대),7706,7623
20210703,7호선,태릉입구,5986,5506
20210703,7호선,먹골,7118,6964
20210703,7호선,중화,7088,6812
20210703,7호선,상봉(시외버스터미널),11860,11165
20210703,7호선,면목,10180,10059
20210703,7호선,사가정,11232,10886
20210703,7호선,용마산(용마폭포공원),3874,3997
20210703,7호선,중곡,5933,5721
20210703,7호선,군자(능동),9724,7620
20210703,7호선,어린이대공원(세종대),7962,7625
20210703,7호선,건대입구,9694,9620
20210703,7호선,뚝섬유원지,5182,5178
20210703,7호선,청담,10671,11682
20210703,7호선,강남구청,8996,10080
20210703,7호선,학동,9588,10112
20210703,7호선,논현,10096,11224
20210703,7호선,반포,4020,3767
20210703,7호선,고속터미널,13134,10206
20210703,7호선,내방,7036,6980
20210703,7호선,이수,10858,10295
20210703,7호선,남성,7032,6714
20210703,7호선,숭실대입구(살피재),7043,7014
20210703,7호선,상도,6741,6405
20210703,7호선,장승배기,6172,5994
20210703,7호선,신대방삼거리,10339,9679
20210703,7호선,보라매,5942,5136
20210703,7호선,신풍,7460,7413
20210703,7호선,대림(구로구청),6477,6936
20210703,7호선,남구로,8015,8730
20210703,7호선,가산디지털단지,13406,12116
20210703,7호선,철산,13649,14114
20210703,7호선,광명사거리,15437,15468
20210703,7호선,천왕,6040,5723
20210703,7호선,온수(성공회대입구),5059,5012
20210703,7호선,까치울,4880,4919
20210703,7호선,부천종합운동장,2914,2563
20210703,7호선,춘의,4602,4511
20210703,7호선,신중동,8963,8907
20210703,7호선,부천시청,9219,8950
20210703,7호선,상동,9543,9555
20210703,7호선,삼산체육관,3158,3091
20210703,7호선,굴포천,6294,6564
20210703,7호선,부평구청,4488,4000
20210703,8호선,암사,11198,10740
20210703,8호선,천호(풍납토성),10686,12537
20210703,8호선,강동구청,5578,5774
20210703,8호선,몽촌토성(평화의문),3706,3691
20210703,8호선,잠실(송파구청),12519,13681
20210703,8호선,석촌,5321,6450
20210703,8호선,송파,4567,4841
20210703,8호선,가락시장,5082,5078
20210703,8호선,문정,7793,7979
20210703,8호선,장지,11242,10192
20210703,8호선,복정,6563,5496
20210703,8호선,산성,4064,4177
20210703,8호선,남한산성입구(성남법원.검찰청),8299,7457
20210703,8호선,단대오거리,6850,6507
20210703,8호선,신흥,3443,3634
20210703,8호선,수진,3818,3535
20210703,8호선,모란,3428,2902
20210703,9호선,개화,1405,1127
20210703,9호선,김포공항,8208,11990
20210703,9호선,공항시장,2077,2238
20210703,9호선,신방화,4261,4224
20210703,9호선,마곡나루(서울식물원),7270,6666
20210703,9호선,양천향교,5273,5191
20210703,9호선,가양,12477,12048
20210703,9호선,증미,3877,3928
20210703,9호선,등촌,6674,6870
20210703,9호선,염창,10377,9654
20210703,9호선,신목동,2171,1872
20210703,9호선,선유도,3599,3532
20210703,9호선,당산,12378,11136
20210703,9호선,국회의사당,4583,4836
20210703,9호선,여의도,12483,10585
20210703,9호선,샛강,2842,2685
20210703,9호선,노량진,19143,18674
20210703,9호선,노들,2821,2554
20210703,9호선,흑석(중앙대입구),5044,5113
20210703,9호선,동작(현충원),1294,1089
20210703,9호선,구반포,1895,2039
20210703,9호선,신반포,2083,2170
20210703,9호선,고속터미널,10833,15908
20210703,9호선,사평,2138,2024
20210703,9호선,신논현,23908,23609
20210703,9호선2~3단계,언주,5962,5937
20210703,9호선2~3단계,선정릉,4724,5437
20210703,9호선2~3단계,삼성중앙,2981,3064
20210703,9호선2~3단계,봉은사,12877,13542
20210703,9호선2~3단계,종합운동장,3279,2813
20210703,9호선2~3단계,삼전,4620,4388
20210703,9호선2~3단계,석촌고분,3814,3849
20210703,9호선2~3단계,석촌,5643,4748
20210703,9호선2~3단계,송파나루,3968,4284
20210703,9호선2~3단계,한성백제,1681,1543
20210703,9호선2~3단계,올림픽공원(한국체대),8847,8652
20210703,9호선2~3단계,둔촌오륜,557,602
20210703,9호선2~3단계,중앙보훈병원,4075,3786
20210703,경강선,판교,2776,2539
20210703,경강선,이매,752,537
20210703,경강선,삼동,1338,1219
20210703,경강선,경기광주,4473,4342
20210703,경강선,초월,1909,1778
20210703,경강선,곤지암,1632,1723
20210703,경강선,신둔도예촌,910,944
20210703,경강선,이천,2231,2263
20210703,경강선,부발,1612,1404
20210703,경강선,세종대왕릉,256,280
20210703,경강선,여주,1862,2089
20210703,경부선,서울역,5229,1477
20210703,경부선,남영,5160,5333
20210703,경부선,용산,31056,31827
20210703,경부선,노량진,7323,6628
20210703,경부선,대방,7570,7559
20210703,경부선,영등포,38445,37530
20210703,경부선,신도림,2499,2757
20210703,경부선,신길,6363,4899
20210703,경부선,구로,12244,12516
20210703,경부선,가산디지털단지,5386,7407
20210703,경부선,금천구청,7461,7541
20210703,경부선,석수,6243,5889
20210703,경부선,관악,5227,4988
20210703,경부선,안양,15997,16094
20210703,경부선,명학,4399,4224
20210703,경부선,금정,16446,16474
20210703,경부선,군포,3892,3567
20210703,경부선,의왕,5117,5049
20210703,경부선,성균관대,9054,9090
20210703,경부선,화서,4601,4509
20210703,경부선,수원,33601,35621
20210703,경부선,독산,7707,7743
20210703,경부선,세류,2257,2258
20210703,경부선,병점,10646,10512
20210703,경부선,세마,1914,1771
20210703,경부선,오산대,2450,2225
20210703,경부선,오산,8468,8074
20210703,경부선,진위,944,899
20210703,경부선,송탄,4117,3666
20210703,경부선,서정리,5083,4471
20210703,경부선,평택지제,2482,2333
20210703,경부선,평택,11423,11335
20210703,경부선,성환,2431,2279
20210703,경부선,직산,558,549
20210703,경부선,두정,5116,5439
20210703,경부선,천안,5489,6066
20210703,경부선,당정,3604,3462
20210703,경부선,서동탄,918,978
20210703,경부선,광명,2278,2092
20210703,경원선,이촌(국립중앙박물관),2748,2101
20210703,경원선,서빙고,1157,1128
20210703,경원선,한남,2511,2445
20210703,경원선,옥수,46,39
20210703,경원선,응봉,1155,1017
20210703,경원선,왕십리(성동구청),10935,12689
20210703,경원선,청량리(서울시립대입구),14466,16028
20210703,경원선,외대앞,5327,5186
20210703,경원선,신이문,5553,5239
20210703,경원선,석계,6009,6350
20210703,경원선,광운대,5140,4988
20210703,경원선,월계,3973,3840
20210703,경원선,녹천,3130,2727
20210703,경원선,방학,6586,6526
20210703,경원선,도봉,4003,3857
20210703,경원선,도봉산,7650,5164
20210703,경원선,망월사,5073,5263
20210703,경원선,회룡,8546,8462
20210703,경원선,의정부,15350,15858
20210703,경원선,가능,4582,4487
20210703,경원선,녹양,3124,3068
20210703,경원선,양주,5329,5130
20210703,경원선,덕계,2060,1896
20210703,경원선,덕정,3673,3430
20210703,경원선,지행,4750,4705
20210703,경원선,동두천중앙,2296,2315
20210703,경원선,보산,1285,1337
20210703,경원선,동두천,1381,1740
20210703,경원선,소요산,3148,2848
20210703,경의선,서울역,1007,787
20210703,경의선,신촌,305,348
20210703,경의선,효창공원앞,1523,1785
20210703,경의선,공덕,2358,1841
20210703,경의선,서강대,1418,1441
20210703,경의선,홍대입구,1248,1556
20210703,경의선,가좌,3423,3409
20210703,경의선,디지털미디어시티,1762,1655
20210703,경의선,수색,1330,1286
20210703,경의선,화전,894,868
20210703,경의선,강매,1766,1697
20210703,경의선,행신,4660,4702
20210703,경의선,능곡,2533,2453
20210703,경의선,곡산,400,422
20210703,경의선,백마,3924,3767
20210703,경의선,풍산,3800,3748
20210703,경의선,일산,5996,6016
20210703,경의선,탄현,4897,4723
20210703,경의선,야당,4769,4712
20210703,경의선,운정,4328,4180
20210703,경의선,금릉,3256,3048
20210703,경의선,금촌,4713,4606
20210703,경의선,월롱,1132,1070
20210703,경의선,파주,761,612
20210703,경의선,문산,3873,3778
20210703,경의선,임진강,63,46
20210703,경인선,개봉,14543,14812
20210703,경인선,오류동,8107,7739
20210703,경인선,역곡,17806,17509
20210703,경인선,부천,25558,26253
20210703,경인선,송내,16145,16401
20210703,경인선,부평,26955,28777
20210703,경인선,백운,4857,4907
20210703,경인선,동암,10985,11307
20210703,경인선,주안,13698,11977
20210703,경인선,제물포,6339,6240
20210703,경인선,동인천,9908,9788
20210703,경인선,인천,3101,2530
20210703,경인선,구일,3819,3626
20210703,경인선,소사,6681,6838
20210703,경인선,부개,5661,5513
20210703,경인선,간석,3905,3912
20210703,경인선,도원,1814,1893
20210703,경인선,온수(성공회대입구),4432,4190
20210703,경인선,중동,5756,5623
20210703,경인선,도화,2835,2661
20210703,경춘선,신내,1003,966
20210703,경춘선,갈매,1754,1507
20210703,경춘선,별내,2022,2018
20210703,경춘선,퇴계원,2450,2304
20210703,경춘선,사릉,2090,2097
20210703,경춘선,금곡,1038,1023
20210703,경춘선,평내호평,3999,3944
20210703,경춘선,천마산,1257,1226
20210703,경춘선,마석,3103,3086
20210703,경춘선,대성리,570,594
20210703,경춘선,청평,1614,1752
20210703,경춘선,상천,311,281
20210703,경춘선,가평,2052,2621
20210703,경춘선,굴봉산,169,191
20210703,경춘선,백양리,106,104
20210703,경춘선,강촌,529,630
20210703,경춘선,김유정,404,494
20210703,경춘선,남춘천,2123,2214
20210703,경춘선,춘천,1472,1323
20210703,공항철도 1호선,서울역,6113,6343
20210703,공항철도 1호선,공덕,1275,1924
20210703,공항철도 1호선,홍대입구,8291,8404
20210703,공항철도 1호선,디지털미디어시티,4727,4514
20210703,공항철도 1호선,마곡나루(서울식물원),2413,2620
20210703,공항철도 1호선,김포공항,10725,5686
20210703,공항철도 1호선,계양,5720,5224
20210703,공항철도 1호선,검암,3967,3867
20210703,공항철도 1호선,청라국제도시,3471,3434
20210703,공항철도 1호선,운서,4908,4946
20210703,공항철도 1호선,공항화물청사,1204,1266
20210703,공항철도 1호선,인천공항1터미널,2748,2946
20210703,공항철도 1호선,인천공항2터미널,1579,1595
20210703,공항철도 1호선,영종,2497,2552
20210703,과천선,선바위,4741,4027
20210703,과천선,경마공원,1020,1010
20210703,과천선,대공원,3430,3563
20210703,과천선,과천,3904,3764
20210703,과천선,정부과천청사,5147,5188
20210703,과천선,인덕원,13637,12490
20210703,과천선,평촌,8289,8259
20210703,과천선,범계,18017,17589
20210703,분당선,선릉,4943,7773
20210703,분당선,한티,9999,9833
20210703,분당선,도곡,4461,4065
20210703,분당선,구룡,1463,1335
20210703,분당선,개포동,2459,2395
20210703,분당선,대모산입구,2097,1885
20210703,분당선,수서,9399,9968
20210703,분당선,수원,6403,5347
20210703,분당선,서울숲,6035,6134
20210703,분당선,압구정로데오,17327,18557
20210703,분당선,강남구청,5026,6067
20210703,분당선,선정릉,3689,3691
20210703,분당선,가천대,4266,4859
20210703,분당선,태평,9857,9446
20210703,분당선,모란,14592,14573
20210703,분당선,야탑,15657,16365
20210703,분당선,서현,16858,17165
20210703,분당선,수내,7854,7678
20210703,분당선,정자,9808,10112
20210703,분당선,미금,10008,10275
20210703,분당선,오리,6956,5726
20210703,분당선,이매,3722,3712
20210703,분당선,보정,1491,1366
20210703,분당선,죽전,9249,10568
20210703,분당선,구성,2890,3080
20210703,분당선,신갈,2638,2590
20210703,분당선,기흥,6204,6008
20210703,분당선,상갈,3479,3478
20210703,분당선,청명,2520,2462
20210703,분당선,영통,5601,5755
20210703,분당선,망포,8395,7740
20210703,분당선,매탄권선,2993,2844
20210703,분당선,수원시청,10123,10940
20210703,분당선,매교,1819,1829
20210703,수인선,고색,2007,1840
20210703,수인선,오목천,1790,1494
20210703,수인선,어천,596,533
20210703,수인선,야목,167,148
20210703,수인선,사리,2813,2496
20210703,수인선,달월,51,50
20210703,수인선,월곶,1798,1772
20210703,수인선,소래포구,4231,4262
20210703,수인선,인천논현,3778,3956
20210703,수인선,호구포,2279,2169
20210703,수인선,남동인더스파크,900,843
20210703,수인선,원인재,3154,3358
20210703,수인선,연수,3171,3210
20210703,수인선,송도,1686,1636
20210703,수인선,인하대,3594,3361
20210703,수인선,숭의,2370,2163
20210703,수인선,신포,1058,1119
20210703,수인선,인천,949,1478
20210703,안산선,산본,10770,11516
20210703,안산선,대야미,3485,3134
20210703,안산선,반월,3034,2809
20210703,안산선,상록수,10557,10792
20210703,안산선,한대앞,6153,6109
20210703,안산선,중앙,13621,14116
20210703,안산선,고잔,5579,5553
20210703,안산선,초지,2778,2773
20210703,안산선,안산,8321,8983
20210703,안산선,신길온천,1202,1139
20210703,안산선,정왕,5366,5670
20210703,안산선,오이도,6484,6530
20210703,안산선,수리산,2534,2247
20210703,우이신설선,북한산우이,2718,2827
20210703,우이신설선,솔밭공원,1684,1606
20210703,우이신설선,4.19민주묘지,1972,1903
20210703,우이신설선,가오리,2682,2556
20210703,우이신설선,화계,2271,2165
20210703,우이신설선,삼양,1388,1424
20210703,우이신설선,삼양사거리,1724,1753
20210703,우이신설선,솔샘,3318,3007
20210703,우이신설선,북한산보국문,4107,3839
20210703,우이신설선,정릉,3129,2736
20210703,우이신설선,성신여대입구(돈암),2467,2757
20210703,우이신설선,보문,1091,1153
20210703,우이신설선,신설동,1169,1195
20210703,일산선,원흥,6376,6048
20210703,일산선,삼송,12059,11884
20210703,일산선,원당,7319,7113
20210703,일산선,화정,11432,11807
20210703,일산선,대곡,1321,1102
20210703,일산선,백석,6773,6985
20210703,일산선,마두,4551,4579
20210703,일산선,정발산,5657,5586
20210703,일산선,주엽,5881,5763
20210703,일산선,대화,7899,7375
20210703,장항선,봉명,660,597
20210703,장항선,쌍용(나사렛대),1292,1145
20210703,장항선,아산,2300,2283
20210703,장항선,배방,802,777
20210703,장항선,온양온천,2890,3016
20210703,장항선,신창(순천향대),859,852
20210703,중앙선,회기,17045,16360
20210703,중앙선,중랑,4090,4037
20210703,중앙선,상봉(시외버스터미널),4665,4556
20210703,중앙선,망우,5635,5569
20210703,중앙선,양원,1013,1039
20210703,중앙선,구리,9566,9714
20210703,중앙선,도농,6000,5854
20210703,중앙선,양정,616,560
20210703,중앙선,덕소,4135,4180
20210703,중앙선,도심,1488,1374
20210703,중앙선,팔당,1233,1290
20210703,중앙선,운길산,1100,1003
20210703,중앙선,양수,2104,2260
20210703,중앙선,신원,230,176
20210703,중앙선,국수,630,654
20210703,중앙선,아신,497,557
20210703,중앙선,오빈,259,266
20210703,중앙선,양평,3284,3442
20210703,중앙선,원덕,384,424
20210703,중앙선,용문,1859,2087
20210703,중앙선,지평,52,61
20210704,1호선,서울역,22868,19664
20210704,1호선,동묘앞,5605,5775
20210704,1호선,시청,5671,5415
20210704,1호선,종각,9596,8868
20210704,1호선,종로3가,10938,9895
20210704,1호선,종로5가,6812,7067
20210704,1호선,동대문,6446,6688
20210704,1호선,신설동,5114,5165
20210704,1호선,제기동,6494,6688
20210704,1호선,청량리(서울시립대입구),9871,9977
20210704,2호선,시청,4364,3638
20210704,2호선,을지로입구,12577,12022
20210704,2호선,을지로3가,6399,5993
20210704,2호선,을지로4가,2488,2316
20210704,2호선,동대문역사문화공원(DDP),5703,6689
20210704,2호선,신당,6085,6558
20210704,2호선,상왕십리,5628,5541
20210704,2호선,왕십리(성동구청),7689,6754
20210704,2호선,한양대,1961,2094
20210704,2호선,뚝섬,7253,7499
20210704,2호선,성수,10044,11053
20210704,2호선,건대입구,20381,21865
20210704,2호선,구의(광진구청),9565,9563
20210704,2호선,강변(동서울터미널),18132,17286
20210704,2호선,잠실나루,4152,4245
20210704,2호선,잠실(송파구청),37241,35203
20210704,2호선,잠실새내,9502,9759
20210704,2호선,종합운동장,4320,4622
20210704,2호선,삼성(무역센터),19801,19908
20210704,2호선,선릉,10624,9251
20210704,2호선,역삼,9526,10441
20210704,2호선,강남,30583,29829
20210704,2호선,교대(법원.검찰청),9391,10113
20210704,2호선,서초,9752,9126
20210704,2호선,방배,5636,5987
20210704,2호선,사당,16832,18447
20210704,2호선,낙성대(강감찬),12811,13344
20210704,2호선,서울대입구(관악구청),22487,23407
20210704,2호선,봉천,10308,10064
20210704,2호선,신림,31258,30908
20210704,2호선,신대방,12861,12706
20210704,2호선,구로디지털단지,19456,19449
20210704,2호선,대림(구로구청),12689,12792
20210704,2호선,신도림,24109,23946
20210704,2호선,문래,6202,6592
20210704,2호선,영등포구청,6633,6881
20210704,2호선,당산,6699,7546
20210704,2호선,합정,15481,16251
20210704,2호선,홍대입구,30461,30337
20210704,2호선,신촌,17814,17851
20210704,2호선,이대,5665,6089
20210704,2호선,아현,4294,4280
20210704,2호선,충정로(경기대입구),3182,3313
20210704,2호선,용답,1318,1314
20210704,2호선,신답,578,640
20210704,2호선,신설동,1569,1638
20210704,2호선,도림천,347,394
20210704,2호선,양천구청,2615,2692
20210704,2호선,신정네거리,4132,4214
20210704,2호선,용두(동대문구청),944,921
20210704,3호선,지축,1495,1406
20210704,3호선,구파발,8621,8887
20210704,3호선,연신내,17106,16499
20210704,3호선,불광,7526,8388
20210704,3호선,녹번,5751,5369
20210704,3호선,홍제,7537,7185
20210704,3호선,무악재,1492,1556
20210704,3호선,독립문,2987,3003
20210704,3호선,경복궁(정부서울청사),7723,7877
20210704,3호선,안국,6419,6966
20210704,3호선,종로3가,2761,3637
20210704,3호선,을지로3가,2691,2378
20210704,3호선,충무로,1,0
20210704,3호선,동대입구,3518,3699
20210704,3호선,약수,5592,5392
20210704,3호선,금호,3554,3448
20210704,3호선,옥수,4013,4341
20210704,3호선,압구정,11931,12495
20210704,3호선,신사,10251,10582
20210704,3호선,잠원,2021,1982
20210704,3호선,고속터미널,34209,31554
20210704,3호선,교대(법원.검찰청),3699,2252
20210704,3호선,남부터미널(예술의전당),12308,12484
20210704,3호선,양재(서초구청),10600,12496
20210704,3호선,매봉,3564,3683
20210704,3호선,도곡,1710,1822
20210704,3호선,대치,4226,4027
20210704,3호선,학여울,760,764
20210704,3호선,대청,3362,3407
20210704,3호선,일원,2949,3203
20210704,3호선,수서,8892,8416
20210704,3호선,가락시장,3145,3383
20210704,3호선,경찰병원,2376,2401
20210704,3호선,오금,2329,2261
20210704,4호선,수유(강북구청),16112,15801
20210704,4호선,미아(서울사이버대학),6425,6259
20210704,4호선,미아사거리,12986,12443
20210704,4호선,길음,7864,7611
20210704,4호선,성신여대입구(돈암),10023,9763
20210704,4호선,한성대입구(삼선교),6280,6211
20210704,4호선,혜화,16629,17427
20210704,4호선,동대문,4310,4910
20210704,4호선,동대문역사문화공원(DDP),6678,6388
20210704,4호선,충무로,6443,6507
20210704,4호선,명동,8089,8148
20210704,4호선,회현(남대문시장),6417,6462
20210704,4호선,서울역,3249,7140
20210704,4호선,숙대입구(갈월),5944,5852
20210704,4호선,삼각지,1791,2278
20210704,4호선,신용산,6508,6555
20210704,4호선,이촌(국립중앙박물관),4051,4488
20210704,4호선,동작(현충원),1018,1046
20210704,4호선,총신대입구(이수),8433,9178
20210704,4호선,사당,11353,10791
20210704,4호선,남태령,515,417
20210704,4호선,당고개,6146,5847
20210704,4호선,상계,8043,7612
20210704,4호선,노원,9629,10483
20210704,4호선,창동,11444,11975
20210704,4호선,쌍문,12652,11534
20210704,5호선,방화,2842,2865
20210704,5호선,개화산,2256,2287
20210704,5호선,김포공항,6380,5984
20210704,5호선,송정,3039,3109
20210704,5호선,마곡,2814,3028
20210704,5호선,발산,6921,7344
20210704,5호선,우장산,5392,5386
20210704,5호선,화곡,11623,11188
20210704,5호선,까치산,13031,12760
20210704,5호선,신정(은행정),5405,4849
20210704,5호선,목동,6371,6343
20210704,5호선,오목교(목동운동장앞),9684,10230
20210704,5호선,양평,2252,2355
20210704,5호선,영등포구청,1142,1113
20210704,5호선,영등포시장,3714,3950
20210704,5호선,신길,1559,1758
20210704,5호선,여의도,6837,6824
20210704,5호선,여의나루,4830,6035
20210704,5호선,마포,3990,3941
20210704,5호선,공덕,3658,3696
20210704,5호선,애오개,2258,2358
20210704,5호선,충정로(경기대입구),1206,1185
20210704,5호선,서대문,4055,4087
20210704,5호선,광화문(세종문화회관),8109,8265
20210704,5호선,종로3가,6434,5779
20210704,5호선,을지로4가,1151,1234
20210704,5호선,동대문역사문화공원(DDP),620,640
20210704,5호선,청구,1376,1338
20210704,5호선,신금호,2419,2601
20210704,5호선,행당,3328,3011
20210704,5호선,왕십리(성동구청),2036,2309
20210704,5호선,마장,2504,2362
20210704,5호선,답십리,6087,5712
20210704,5호선,장한평,6224,6102
20210704,5호선,군자(능동),5130,5827
20210704,5호선,아차산(어린이대공원후문),6854,6783
20210704,5호선,광나루(장신대),5818,5447
20210704,5호선,천호(풍납토성),10132,9602
20210704,5호선,강동,7409,7480
20210704,5호선,길동,3444,3545
20210704,5호선,굽은다리(강동구민회관앞),4574,4322
20210704,5호선,명일,3951,3970
20210704,5호선,고덕,3436,3458
20210704,5호선,상일동,5730,5645
20210704,5호선,둔촌동,3766,3813
20210704,5호선,올림픽공원(한국체대),3687,3145
20210704,5호선,방이,3326,3140
20210704,5호선,오금,1370,1307
20210704,5호선,개롱,2584,2794
20210704,5호선,거여,3216,3137
20210704,5호선,마천,2660,2878
20210704,5호선,강일,1326,1332
20210704,5호선,미사,6639,6705
20210704,5호선,하남풍산,1692,1737
20210704,5호선,하남시청(덕풍·신장),2802,2743
20210704,5호선,하남검단산,2939,2944
20210704,6호선,응암,7551,7661
20210704,6호선,역촌,1650,1883
20210704,6호선,불광,2469,2132
20210704,6호선,독바위,1181,1325
20210704,6호선,연신내,1,0
20210704,6호선,구산,3193,2464
20210704,6호선,새절(신사),5338,5312
20210704,6호선,증산(명지대앞),4566,4678
20210704,6호선,디지털미디어시티,4069,4279
20210704,6호선,월드컵경기장(성산),2472,2592
20210704,6호선,마포구청,5833,5425
20210704,6호선,망원,7055,7756
20210704,6호선,합정,7134,6550
20210704,6호선,상수,4250,4999
20210704,6호선,광흥창(서강),3328,3217
20210704,6호선,대흥(서강대앞),3017,3113
20210704,6호선,공덕,5557,5243
20210704,6호선,효창공원앞,2708,2378
20210704,6호선,삼각지,2923,2222
20210704,6호선,녹사평(용산구청),2961,2792
20210704,6호선,이태원,6505,6354
20210704,6호선,한강진,4832,5491
20210704,6호선,버티고개,765,817
20210704,6호선,약수,1420,1452
20210704,6호선,청구,1415,1381
20210704,6호선,신당,3449,4142
20210704,6호선,동묘앞,3707,3842
20210704,6호선,창신,1395,1220
20210704,6호선,보문,3219,3035
20210704,6호선,안암(고대병원앞),3973,4314
20210704,6호선,고려대(종암),3338,3145
20210704,6호선,월곡(동덕여대),4508,4562
20210704,6호선,상월곡(한국과학기술연구원),2577,2365
20210704,6호선,돌곶이,3920,3707
20210704,6호선,석계,5259,5320
20210704,6호선,태릉입구,2436,2615
20210704,6호선,화랑대(서울여대입구),4162,3509
20210704,6호선,봉화산(서울의료원),3168,3175
20210704,7호선,장암,926,563
20210704,7호선,도봉산,3493,4763
20210704,7호선,수락산,6007,5925
20210704,7호선,마들,4899,4527
20210704,7호선,노원,8901,9287
20210704,7호선,중계,5399,4977
20210704,7호선,하계,7255,6850
20210704,7호선,공릉(서울과학기술대),5123,5219
20210704,7호선,태릉입구,3827,3594
20210704,7호선,먹골,4559,4520
20210704,7호선,중화,4793,4723
20210704,7호선,상봉(시외버스터미널),8061,7634
20210704,7호선,면목,6547,6600
20210704,7호선,사가정,7414,7302
20210704,7호선,용마산(용마폭포공원),2778,2782
20210704,7호선,중곡,4315,4170
20210704,7호선,군자(능동),6214,4936
20210704,7호선,어린이대공원(세종대),6037,5562
20210704,7호선,건대입구,6430,6588
20210704,7호선,뚝섬유원지,4050,3876
20210704,7호선,청담,5734,6167
20210704,7호선,강남구청,4768,5072
20210704,7호선,학동,4687,5065
20210704,7호선,논현,5410,5748
20210704,7호선,반포,2628,2681
20210704,7호선,고속터미널,10650,6713
20210704,7호선,내방,4343,4597
20210704,7호선,이수,7038,6767
20210704,7호선,남성,4452,4395
20210704,7호선,숭실대입구(살피재),4483,4994
20210704,7호선,상도,4488,4441
20210704,7호선,장승배기,4161,4148
20210704,7호선,신대방삼거리,6820,6822
20210704,7호선,보라매,3749,3767
20210704,7호선,신풍,5236,5003
20210704,7호선,대림(구로구청),5993,5616
20210704,7호선,남구로,6113,5822
20210704,7호선,가산디지털단지,8626,8029
20210704,7호선,철산,8719,8807
20210704,7호선,광명사거리,10486,10332
20210704,7호선,천왕,4212,3992
20210704,7호선,온수(성공회대입구),3146,3312
20210704,7호선,까치울,3243,3378
20210704,7호선,부천종합운동장,1973,1733
20210704,7호선,춘의,2929,2682
20210704,7호선,신중동,5668,5688
20210704,7호선,부천시청,5676,5761
20210704,7호선,상동,6037,5831
20210704,7호선,삼산체육관,2132,1976
20210704,7호선,굴포천,4018,4016
20210704,7호선,부평구청,2955,2717
20210704,8호선,암사,7297,7042
20210704,8호선,천호(풍납토성),7473,8517
20210704,8호선,강동구청,3738,3870
20210704,8호선,몽촌토성(평화의문),2601,2728
20210704,8호선,잠실(송파구청),8222,9343
20210704,8호선,석촌,3442,4256
20210704,8호선,송파,3133,3230
20210704,8호선,가락시장,2731,3433
20210704,8호선,문정,4696,4959
20210704,8호선,장지,7743,8057
20210704,8호선,복정,4324,4132
20210704,8호선,산성,2601,2609
20210704,8호선,남한산성입구(성남법원.검찰청),5558,5280
20210704,8호선,단대오거리,4653,4637
20210704,8호선,신흥,2445,2600
20210704,8호선,수진,2618,2354
20210704,8호선,모란,3141,2757
20210704,9호선,개화,785,791
20210704,9호선,김포공항,7279,10397
20210704,9호선,공항시장,1487,1635
20210704,9호선,신방화,2969,2968
20210704,9호선,마곡나루(서울식물원),4514,4532
20210704,9호선,양천향교,3373,3735
20210704,9호선,가양,8330,8529
20210704,9호선,증미,2541,2703
20210704,9호선,등촌,4288,4288
20210704,9호선,염창,6986,6981
20210704,9호선,신목동,1346,1247
20210704,9호선,선유도,2326,2217
20210704,9호선,당산,7387,7334
20210704,9호선,국회의사당,4027,3542
20210704,9호선,여의도,7545,6603
20210704,9호선,샛강,1488,1525
20210704,9호선,노량진,12458,12981
20210704,9호선,노들,2099,1840
20210704,9호선,흑석(중앙대입구),3176,3364
20210704,9호선,동작(현충원),887,736
20210704,9호선,구반포,923,976
20210704,9호선,신반포,1338,1360
20210704,9호선,고속터미널,8578,11127
20210704,9호선,사평,1352,1333
20210704,9호선,신논현,13603,13172
20210704,9호선2~3단계,언주,3232,3166
20210704,9호선2~3단계,선정릉,2744,2969
20210704,9호선2~3단계,삼성중앙,1722,1749
20210704,9호선2~3단계,봉은사,7741,8030
20210704,9호선2~3단계,종합운동장,2068,1776
20210704,9호선2~3단계,삼전,2988,2944
20210704,9호선2~3단계,석촌고분,2550,2644
20210704,9호선2~3단계,석촌,3851,3348
20210704,9호선2~3단계,송파나루,2431,2667
20210704,9호선2~3단계,한성백제,1195,1100
20210704,9호선2~3단계,올림픽공원(한국체대),6872,7096
20210704,9호선2~3단계,둔촌오륜,387,388
20210704,9호선2~3단계,중앙보훈병원,2897,2755
20210704,경강선,판교,1982,1864
20210704,경강선,이매,567,410
20210704,경강선,삼동,862,814
20210704,경강선,경기광주,2962,3023
20210704,경강선,초월,1366,1308
20210704,경강선,곤지암,1168,1280
20210704,경강선,신둔도예촌,742,663
20210704,경강선,이천,1643,1790
20210704,경강선,부발,1042,1696
20210704,경강선,세종대왕릉,204,196
20210704,경강선,여주,1515,1646
20210704,경부선,서울역,6213,1339
20210704,경부선,남영,3728,3918
20210704,경부선,용산,27155,23956
20210704,경부선,노량진,4571,4524
20210704,경부선,대방,4904,5298
20210704,경부선,영등포,27096,26338
20210704,경부선,신도림,1718,1936
20210704,경부선,신길,4203,3715
20210704,경부선,구로,8039,8044
20210704,경부선,가산디지털단지,3824,5283
20210704,경부선,금천구청,4959,5040
20210704,경부선,석수,4066,3697
20210704,경부선,관악,3410,3198
20210704,경부선,안양,10871,10727
20210704,경부선,명학,2632,2566
20210704,경부선,금정,10983,11477
20210704,경부선,군포,2549,2418
20210704,경부선,의왕,3446,3542
20210704,경부선,성균관대,6212,6719
20210704,경부선,화서,3185,3225
20210704,경부선,수원,27794,26758
20210704,경부선,독산,4911,5159
20210704,경부선,세류,1703,1743
20210704,경부선,병점,7469,8398
20210704,경부선,세마,1425,1344
20210704,경부선,오산대,1649,1605
20210704,경부선,오산,6429,6995
20210704,경부선,진위,725,786
20210704,경부선,송탄,3085,3453
20210704,경부선,서정리,3368,4742
20210704,경부선,평택지제,1852,1752
20210704,경부선,평택,9592,9770
20210704,경부선,성환,2034,2292
20210704,경부선,직산,439,507
20210704,경부선,두정,4437,4477
20210704,경부선,천안,5472,4998
20210704,경부선,당정,2460,2527
20210704,경부선,서동탄,696,742
20210704,경부선,광명,2061,1431
20210704,경원선,이촌(국립중앙박물관),1785,1415
20210704,경원선,서빙고,1131,1081
20210704,경원선,한남,1545,1605
20210704,경원선,옥수,47,22
20210704,경원선,응봉,981,868
20210704,경원선,왕십리(성동구청),7526,8530
20210704,경원선,청량리(서울시립대입구),11997,10451
20210704,경원선,외대앞,3692,3657
20210704,경원선,신이문,3762,3575
20210704,경원선,석계,3800,4228
20210704,경원선,광운대,3470,3604
20210704,경원선,월계,3192,2929
20210704,경원선,녹천,2045,1806
20210704,경원선,방학,4678,4580
20210704,경원선,도봉,2783,2579
20210704,경원선,도봉산,4489,3059
20210704,경원선,망월사,3430,3510
20210704,경원선,회룡,5641,5614
20210704,경원선,의정부,10668,10782
20210704,경원선,가능,3181,3005
20210704,경원선,녹양,2178,2125
20210704,경원선,양주,3597,3668
20210704,경원선,덕계,1292,1235
20210704,경원선,덕정,2500,2617
20210704,경원선,지행,3406,3431
20210704,경원선,동두천중앙,1685,1597
20210704,경원선,보산,1057,1023
20210704,경원선,동두천,1183,1279
20210704,경원선,소요산,2406,1945
20210704,경의선,서울역,890,749
20210704,경의선,신촌,195,224
20210704,경의선,효창공원앞,978,1156
20210704,경의선,공덕,1355,1085
20210704,경의선,서강대,997,1028
20210704,경의선,홍대입구,1126,1153
20210704,경의선,가좌,2215,2219
20210704,경의선,디지털미디어시티,1106,1051
20210704,경의선,수색,750,872
20210704,경의선,화전,587,597
20210704,경의선,강매,1097,1043
20210704,경의선,행신,3460,3222
20210704,경의선,능곡,1685,1673
20210704,경의선,곡산,253,230
20210704,경의선,백마,2519,2479
20210704,경의선,풍산,2762,2600
20210704,경의선,일산,3674,3484
20210704,경의선,탄현,3456,3132
20210704,경의선,야당,3279,3173
20210704,경의선,운정,2711,2727
20210704,경의선,금릉,2055,2133
20210704,경의선,금촌,3224,3417
20210704,경의선,월롱,609,1382
20210704,경의선,파주,483,481
20210704,경의선,문산,2726,2828
20210704,경의선,임진강,20,28
20210704,경인선,개봉,9533,9619
20210704,경인선,오류동,6044,5710
20210704,경인선,역곡,11655,11713
20210704,경인선,부천,18541,18087
20210704,경인선,송내,10852,10483
20210704,경인선,부평,19159,19501
20210704,경인선,백운,3273,3254
20210704,경인선,동암,7943,7964
20210704,경인선,주안,9390,8254
20210704,경인선,제물포,4476,4409
20210704,경인선,동인천,7257,7013
20210704,경인선,인천,2350,1737
20210704,경인선,구일,2561,2531
20210704,경인선,소사,4576,4407
20210704,경인선,부개,3899,3676
20210704,경인선,간석,2530,2457
20210704,경인선,도원,1390,1437
20210704,경인선,온수(성공회대입구),3130,2934
20210704,경인선,중동,4088,3808
20210704,경인선,도화,1949,1779
20210704,경춘선,신내,612,651
20210704,경춘선,갈매,1125,1032
20210704,경춘선,별내,1431,1360
20210704,경춘선,퇴계원,1716,1659
20210704,경춘선,사릉,1311,1444
20210704,경춘선,금곡,673,631
20210704,경춘선,평내호평,2688,2568
20210704,경춘선,천마산,863,745
20210704,경춘선,마석,1912,1837
20210704,경춘선,대성리,428,321
20210704,경춘선,청평,1355,981
20210704,경춘선,상천,199,180
20210704,경춘선,가평,1871,1205
20210704,경춘선,굴봉산,124,87
20210704,경춘선,백양리,110,88
20210704,경춘선,강촌,497,314
20210704,경춘선,김유정,242,224
20210704,경춘선,남춘천,1758,1781
20210704,경춘선,춘천,1062,881
20210704,공항철도 1호선,서울역,6227,5207
20210704,공항철도 1호선,공덕,902,1281
20210704,공항철도 1호선,홍대입구,6370,6097
20210704,공항철도 1호선,디지털미디어시티,2915,3046
20210704,공항철도 1호선,마곡나루(서울식물원),1671,1851
20210704,공항철도 1호선,김포공항,10638,5377
20210704,공항철도 1호선,계양,3844,3774
20210704,공항철도 1호선,검암,2786,2862
20210704,공항철도 1호선,청라국제도시,2528,2468
20210704,공항철도 1호선,운서,3894,4184
20210704,공항철도 1호선,공항화물청사,914,954
20210704,공항철도 1호선,인천공항1터미널,2521,2592
20210704,공항철도 1호선,인천공항2터미널,1580,1445
20210704,공항철도 1호선,영종,1854,1748
20210704,과천선,선바위,2870,2723
20210704,과천선,경마공원,734,706
20210704,과천선,대공원,1771,1798
20210704,과천선,과천,2394,2287
20210704,과천선,정부과천청사,3112,3229
20210704,과천선,인덕원,8651,8071
20210704,과천선,평촌,5065,4986
20210704,과천선,범계,12036,11670
20210704,분당선,선릉,2394,3501
20210704,분당선,한티,6353,6324
20210704,분당선,도곡,2333,2274
20210704,분당선,구룡,588,586
20210704,분당선,개포동,1629,1718
20210704,분당선,대모산입구,1444,1399
20210704,분당선,수서,7533,6952
20210704,분당선,복정,1,0
20210704,분당선,수원,4869,3907
20210704,분당선,서울숲,3876,4028
20210704,분당선,압구정로데오,8467,9326
20210704,분당선,강남구청,2676,3107
20210704,분당선,선정릉,1886,1995
20210704,분당선,가천대,3004,3610
20210704,분당선,태평,7147,6653
20210704,분당선,모란,12619,13146
20210704,분당선,야탑,11106,11285
20210704,분당선,서현,11759,11846
20210704,분당선,수내,5097,4912
20210704,분당선,정자,6066,6490
20210704,분당선,미금,6219,6488
20210704,분당선,오리,4662,4067
20210704,분당선,이매,2632,2744
20210704,분당선,보정,922,850
20210704,분당선,죽전,6791,7966
20210704,분당선,구성,1945,2101
20210704,분당선,신갈,1706,1733
20210704,분당선,기흥,4211,4063
20210704,분당선,상갈,2362,2382
20210704,분당선,청명,1661,1756
20210704,분당선,영통,3976,4068
20210704,분당선,망포,5385,5713
20210704,분당선,매탄권선,2056,2040
20210704,분당선,수원시청,6246,6247
20210704,분당선,매교,1172,1202
20210704,수인선,고색,1338,1363
20210704,수인선,오목천,1120,1131
20210704,수인선,어천,442,569
20210704,수인선,야목,138,106
20210704,수인선,사리,1973,1777
20210704,수인선,달월,33,35
20210704,수인선,월곶,1397,1321
20210704,수인선,소래포구,3212,3093
20210704,수인선,인천논현,2443,2645
20210704,수인선,호구포,1584,1653
20210704,수인선,남동인더스파크,471,480
20210704,수인선,원인재,2311,2349
20210704,수인선,연수,2309,2274
20210704,수인선,송도,1163,1108
20210704,수인선,인하대,2526,2419
20210704,수인선,숭의,1551,1458
20210704,수인선,신포,930,841
20210704,수인선,인천,792,1201
20210704,안산선,산본,7128,7730
20210704,안산선,대야미,2272,2154
20210704,안산선,반월,2027,2026
20210704,안산선,상록수,7639,7426
20210704,안산선,한대앞,4327,4154
20210704,안산선,중앙,9549,9461
20210704,안산선,고잔,3599,3417
20210704,안산선,초지,1850,1844
20210704,안산선,안산,8017,7311
20210704,안산선,신길온천,895,852
20210704,안산선,정왕,4222,4507
20210704,안산선,오이도,4596,4608
20210704,안산선,수리산,1679,1487
20210704,우이신설선,북한산우이,1670,1703
20210704,우이신설선,솔밭공원,1116,1082
20210704,우이신설선,4.19민주묘지,1384,1245
20210704,우이신설선,가오리,1917,1799
20210704,우이신설선,화계,1723,1618
20210704,우이신설선,삼양,1002,917
20210704,우이신설선,삼양사거리,1160,1160
20210704,우이신설선,솔샘,2147,1964
20210704,우이신설선,북한산보국문,2924,2659
20210704,우이신설선,정릉,2103,1850
20210704,우이신설선,성신여대입구(돈암),1562,1926
20210704,우이신설선,보문,759,789
20210704,우이신설선,신설동,784,728
20210704,일산선,원흥,4245,4132
20210704,일산선,삼송,8317,8281
20210704,일산선,원당,4830,4649
20210704,일산선,화정,7392,7552
20210704,일산선,대곡,784,684
20210704,일산선,백석,4618,4554
20210704,일산선,마두,2762,2733
20210704,일산선,정발산,3857,3822
20210704,일산선,주엽,3517,3548
20210704,일산선,대화,5222,4698
20210704,장항선,봉명,531,507
20210704,장항선,쌍용(나사렛대),1076,1125
20210704,장항선,아산,2516,1742
20210704,장항선,배방,697,767
20210704,장항선,온양온천,3460,3457
20210704,장항선,신창(순천향대),718,844
20210704,중앙선,회기,12132,12334
20210704,중앙선,중랑,2888,2788
20210704,중앙선,상봉(시외버스터미널),3376,3340
20210704,중앙선,망우,3967,3958
20210704,중앙선,양원,563,596
20210704,중앙선,구리,5880,6280
20210704,중앙선,도농,3679,3724
20210704,중앙선,양정,382,321
20210704,중앙선,덕소,2695,2763
20210704,중앙선,도심,947,863
20210704,중앙선,팔당,805,754
20210704,중앙선,운길산,734,641
20210704,중앙선,양수,1321,1230
20210704,중앙선,신원,113,96
20210704,중앙선,국수,422,350
20210704,중앙선,아신,415,362
20210704,중앙선,오빈,133,123
20210704,중앙선,양평,1700,1528
20210704,중앙선,원덕,263,200
20210704,중앙선,용문,1587,1198
20210704,중앙선,지평,51,28
20210705,1호선,서울역,41969,39653
20210705,1호선,동묘앞,8046,8428
20210705,1호선,시청,21396,21552
20210705,1호선,종각,36170,35440
20210705,1호선,종로3가,26790,25286
20210705,1호선,종로5가,22239,22295
20210705,1호선,동대문,11297,10669
20210705,1호선,신설동,14167,13915
20210705,1호선,제기동,17669,18203
20210705,1호선,청량리(서울시립대입구),20279,20028
20210705,2호선,시청,22800,22393
20210705,2호선,을지로입구,38295,39058
20210705,2호선,을지로3가,21996,22105
20210705,2호선,을지로4가,13203,12830
20210705,2호선,동대문역사문화공원(DDP),11742,13181
20210705,2호선,신당,13509,13904
20210705,2호선,상왕십리,14217,13831
20210705,2호선,왕십리(성동구청),15290,12498
20210705,2호선,한양대,6929,7588
20210705,2호선,뚝섬,21920,23767
20210705,2호선,성수,36309,39878
20210705,2호선,건대입구,32763,35207
20210705,2호선,구의(광진구청),23440,23165
20210705,2호선,강변(동서울터미널),30030,29139
20210705,2호선,잠실나루,14680,14348
20210705,2호선,잠실(송파구청),63871,64673
20210705,2호선,잠실새내,20683,20669
20210705,2호선,종합운동장,8259,8895
20210705,2호선,삼성(무역센터),50656,51395
20210705,2호선,선릉,57754,51574
20210705,2호선,역삼,52361,58289
20210705,2호선,강남,88680,87803
20210705,2호선,교대(법원.검찰청),34495,38777
20210705,2호선,서초,22380,21872
20210705,2호선,방배,16429,17256
20210705,2호선,사당,34571,37944
20210705,2호선,낙성대(강감찬),27382,26724
20210705,2호선,서울대입구(관악구청),47288,46994
20210705,2호선,봉천,24534,22741
20210705,2호선,신림,62287,60735
20210705,2호선,신대방,26433,25813
20210705,2호선,구로디지털단지,62571,62958
20210705,2호선,대림(구로구청),24649,25109
20210705,2호선,신도림,47438,45987
20210705,2호선,문래,21770,22462
20210705,2호선,영등포구청,23689,23962
20210705,2호선,당산,19053,22035
20210705,2호선,합정,29220,30295
20210705,2호선,홍대입구,45433,46805
20210705,2호선,신촌,32265,33515
20210705,2호선,이대,12494,13172
20210705,2호선,아현,10335,9766
20210705,2호선,충정로(경기대입구),10399,10895
20210705,2호선,용답,2667,2628
20210705,2호선,신답,1663,1912
20210705,2호선,신설동,3128,3117
20210705,2호선,도림천,1519,1598
20210705,2호선,양천구청,7052,7407
20210705,2호선,신정네거리,10662,10916
20210705,2호선,용두(동대문구청),2415,2516
20210705,3호선,지축,4416,4278
20210705,3호선,구파발,20897,19976
20210705,3호선,연신내,37696,35374
20210705,3호선,불광,16694,17562
20210705,3호선,녹번,15428,14187
20210705,3호선,홍제,17544,16578
20210705,3호선,무악재,3964,3902
20210705,3호선,독립문,7163,7235
20210705,3호선,경복궁(정부서울청사),18347,17957
20210705,3호선,안국,19577,20213
20210705,3호선,종로3가,9690,11090
20210705,3호선,을지로3가,10508,10868
20210705,3호선,충무로,1,0
20210705,3호선,동대입구,7112,7434
20210705,3호선,약수,13191,13015
20210705,3호선,금호,8227,7731
20210705,3호선,옥수,9080,9516
20210705,3호선,압구정,32055,33957
20210705,3호선,신사,30051,31756
20210705,3호선,잠원,4895,4787
20210705,3호선,고속터미널,37556,34920
20210705,3호선,교대(법원.검찰청),14204,9399
20210705,3호선,남부터미널(예술의전당),28490,29023
20210705,3호선,양재(서초구청),39288,43366
20210705,3호선,매봉,12911,12382
20210705,3호선,도곡,5732,5901
20210705,3호선,대치,10726,10777
20210705,3호선,학여울,1696,1773
20210705,3호선,대청,10359,9497
20210705,3호선,일원,10415,10190
20210705,3호선,수서,16621,16983
20210705,3호선,가락시장,8987,8826
20210705,3호선,경찰병원,7481,7601
20210705,3호선,오금,6297,5580
20210705,4호선,수유(강북구청),33638,33216
20210705,4호선,미아(서울사이버대학),15114,14698
20210705,4호선,미아사거리,28003,27024
20210705,4호선,길음,19890,19373
20210705,4호선,성신여대입구(돈암),19313,18615
20210705,4호선,한성대입구(삼선교),13154,12828
20210705,4호선,혜화,29004,29037
20210705,4호선,동대문,21230,21739
20210705,4호선,동대문역사문화공원(DDP),14495,13403
20210705,4호선,충무로,25926,27048
20210705,4호선,명동,17447,17828
20210705,4호선,회현(남대문시장),23929,25492
20210705,4호선,서울역,10533,14826
20210705,4호선,숙대입구(갈월),12663,12255
20210705,4호선,삼각지,4923,5365
20210705,4호선,신용산,16242,17365
20210705,4호선,이촌(국립중앙박물관),7128,8141
20210705,4호선,동작(현충원),2495,2594
20210705,4호선,총신대입구(이수),19036,20569
20210705,4호선,사당,23347,19843
20210705,4호선,남태령,1215,1047
20210705,4호선,당고개,13207,12026
20210705,4호선,상계,19655,18148
20210705,4호선,노원,18932,21038
20210705,4호선,창동,25617,26881
20210705,4호선,쌍문,29820,27362
20210705,5호선,방화,6795,6666
20210705,5호선,개화산,5581,5269
20210705,5호선,김포공항,6984,6744
20210705,5호선,송정,6738,6377
20210705,5호선,마곡,10652,10448
20210705,5호선,발산,19536,20208
20210705,5호선,우장산,14595,14253
20210705,5호선,화곡,28709,26723
20210705,5호선,까치산,29021,27890
20210705,5호선,신정(은행정),14164,11451
20210705,5호선,목동,17026,18730
20210705,5호선,오목교(목동운동장앞),21947,23869
20210705,5호선,양평,7649,7598
20210705,5호선,영등포구청,4129,4121
20210705,5호선,영등포시장,9723,10040
20210705,5호선,신길,4031,4361
20210705,5호선,여의도,28179,29809
20210705,5호선,여의나루,10797,11863
20210705,5호선,마포,14397,14789
20210705,5호선,공덕,14679,15528
20210705,5호선,애오개,6830,6988
20210705,5호선,충정로(경기대입구),5121,5235
20210705,5호선,서대문,19764,20255
20210705,5호선,광화문(세종문화회관),30246,31431
20210705,5호선,종로3가,12442,12239
20210705,5호선,을지로4가,6205,6453
20210705,5호선,동대문역사문화공원(DDP),2998,3513
20210705,5호선,청구,3999,3691
20210705,5호선,신금호,6491,6878
20210705,5호선,행당,8304,7354
20210705,5호선,왕십리(성동구청),4592,4864
20210705,5호선,마장,5498,5062
20210705,5호선,답십리,15904,14544
20210705,5호선,장한평,18534,18310
20210705,5호선,군자(능동),11219,12205
20210705,5호선,아차산(어린이대공원후문),13658,13306
20210705,5호선,광나루(장신대),12931,12036
20210705,5호선,천호(풍납토성),17666,17736
20210705,5호선,강동,18513,17807
20210705,5호선,길동,8088,8424
20210705,5호선,굽은다리(강동구민회관앞),9721,9205
20210705,5호선,명일,8814,9088
20210705,5호선,고덕,10145,9792
20210705,5호선,상일동,16507,14699
20210705,5호선,둔촌동,8778,8673
20210705,5호선,올림픽공원(한국체대),4443,3872
20210705,5호선,방이,6917,7227
20210705,5호선,오금,4013,3882
20210705,5호선,개롱,6794,7004
20210705,5호선,거여,8733,8315
20210705,5호선,마천,6529,6483
20210705,5호선,강일,3287,3469
20210705,5호선,미사,14957,14931
20210705,5호선,하남풍산,4026,3981
20210705,5호선,하남시청(덕풍·신장),5251,5238
20210705,5호선,하남검단산,4839,4750
20210705,6호선,응암,17757,17528
20210705,6호선,역촌,3914,4551
20210705,6호선,불광,4378,4369
20210705,6호선,독바위,2828,2985
20210705,6호선,구산,7854,5890
20210705,6호선,새절(신사),13059,12125
20210705,6호선,증산(명지대앞),10181,10002
20210705,6호선,디지털미디어시티,14100,15408
20210705,6호선,월드컵경기장(성산),4422,4610
20210705,6호선,마포구청,14343,12877
20210705,6호선,망원,13627,14750
20210705,6호선,합정,12231,12047
20210705,6호선,상수,7193,7873
20210705,6호선,광흥창(서강),9210,8803
20210705,6호선,대흥(서강대앞),8161,8562
20210705,6호선,공덕,18646,17999
20210705,6호선,효창공원앞,7107,6359
20210705,6호선,삼각지,5604,4950
20210705,6호선,녹사평(용산구청),4532,4410
20210705,6호선,이태원,8280,8448
20210705,6호선,한강진,6428,7440
20210705,6호선,버티고개,1956,2000
20210705,6호선,약수,3765,3669
20210705,6호선,청구,3890,3931
20210705,6호선,신당,7709,8374
20210705,6호선,동묘앞,7911,8279
20210705,6호선,창신,3610,2958
20210705,6호선,보문,7111,6684
20210705,6호선,안암(고대병원앞),10034,10355
20210705,6호선,고려대(종암),7632,7278
20210705,6호선,월곡(동덕여대),11488,11395
20210705,6호선,상월곡(한국과학기술연구원),6268,5683
20210705,6호선,돌곶이,9134,8504
20210705,6호선,석계,12093,12642
20210705,6호선,태릉입구,5245,5927
20210705,6호선,화랑대(서울여대입구),11603,8993
20210705,6호선,봉화산(서울의료원),9023,8466
20210705,7호선,장암,2388,887
20210705,7호선,도봉산,9110,10499
20210705,7호선,수락산,12952,12799
20210705,7호선,마들,12678,11996
20210705,7호선,노원,19624,20863
20210705,7호선,중계,14448,13403
20210705,7호선,하계,17620,16422
20210705,7호선,공릉(서울과학기술대),11825,11848
20210705,7호선,태릉입구,8252,7851
20210705,7호선,먹골,10122,9970
20210705,7호선,중화,11214,10851
20210705,7호선,상봉(시외버스터미널),17102,16104
20210705,7호선,면목,15258,14887
20210705,7호선,사가정,16664,16616
20210705,7호선,용마산(용마폭포공원),6222,6012
20210705,7호선,중곡,10080,9274
20210705,7호선,군자(능동),14441,11901
20210705,7호선,어린이대공원(세종대),11847,11829
20210705,7호선,건대입구,11676,11776
20210705,7호선,뚝섬유원지,8393,8284
20210705,7호선,청담,19648,21702
20210705,7호선,강남구청,16207,17834
20210705,7호선,학동,24745,26434
20210705,7호선,논현,21258,22845
20210705,7호선,반포,5741,5657
20210705,7호선,고속터미널,15935,13156
20210705,7호선,내방,14610,14821
20210705,7호선,이수,15454,15195
20210705,7호선,남성,11105,10366
20210705,7호선,숭실대입구(살피재),11607,12107
20210705,7호선,상도,10687,10318
20210705,7호선,장승배기,9641,9374
20210705,7호선,신대방삼거리,16324,15886
20210705,7호선,보라매,9814,9908
20210705,7호선,신풍,11979,11390
20210705,7호선,대림(구로구청),7997,7962
20210705,7호선,남구로,17038,17796
20210705,7호선,가산디지털단지,49110,49621
20210705,7호선,철산,21824,22232
20210705,7호선,광명사거리,22825,22224
20210705,7호선,천왕,11764,11180
20210705,7호선,온수(성공회대입구),11062,10006
20210705,7호선,까치울,7815,7581
20210705,7호선,부천종합운동장,5307,4718
20210705,7호선,춘의,10048,9828
20210705,7호선,신중동,14451,14320
20210705,7호선,부천시청,13102,12853
20210705,7호선,상동,12946,13529
20210705,7호선,삼산체육관,5548,4991
20210705,7호선,굴포천,9126,9592
20210705,7호선,부평구청,7839,6874
20210705,8호선,암사,19163,17112
20210705,8호선,천호(풍납토성),14658,16609
20210705,8호선,강동구청,10520,10899
20210705,8호선,몽촌토성(평화의문),5950,6125
20210705,8호선,잠실(송파구청),12947,15331
20210705,8호선,석촌,7694,8764
20210705,8호선,송파,7863,7808
20210705,8호선,가락시장,7654,8493
20210705,8호선,문정,22555,23766
20210705,8호선,장지,16757,16214
20210705,8호선,복정,10859,9575
20210705,8호선,산성,5830,5972
20210705,8호선,남한산성입구(성남법원.검찰청),13744,12552
20210705,8호선,단대오거리,10455,10246
20210705,8호선,신흥,4456,4787
20210705,8호선,수진,5150,4752
20210705,8호선,모란,4273,3320
20210705,9호선,개화,2907,1973
20210705,9호선,김포공항,7370,11135
20210705,9호선,공항시장,2810,3080
20210705,9호선,신방화,6781,6706
20210705,9호선,마곡나루(서울식물원),11286,11438
20210705,9호선,양천향교,9241,9442
20210705,9호선,가양,20760,20319
20210705,9호선,증미,7591,7646
20210705,9호선,등촌,11427,11293
20210705,9호선,염창,17108,16795
20210705,9호선,신목동,4128,3794
20210705,9호선,선유도,8679,8483
20210705,9호선,당산,17813,17886
20210705,9호선,국회의사당,15575,16103
20210705,9호선,여의도,26777,25606
20210705,9호선,샛강,5939,6202
20210705,9호선,노량진,25513,24892
20210705,9호선,노들,4454,3885
20210705,9호선,흑석(중앙대입구),7741,8188
20210705,9호선,동작(현충원),2092,1682
20210705,9호선,구반포,2647,2717
20210705,9호선,신반포,3327,3275
20210705,9호선,고속터미널,11753,14797
20210705,9호선,사평,3507,3395
20210705,9호선,신논현,32032,31779
20210705,9호선2~3단계,언주,10390,10798
20210705,9호선2~3단계,선정릉,9557,10706
20210705,9호선2~3단계,삼성중앙,6739,7173
20210705,9호선2~3단계,봉은사,16081,16275
20210705,9호선2~3단계,종합운동장,4219,4206
20210705,9호선2~3단계,삼전,6736,6569
20210705,9호선2~3단계,석촌고분,5955,5857
20210705,9호선2~3단계,석촌,7990,7153
20210705,9호선2~3단계,송파나루,4533,4982
20210705,9호선2~3단계,한성백제,2485,2381
20210705,9호선2~3단계,올림픽공원(한국체대),5859,5843
20210705,9호선2~3단계,둔촌오륜,1310,1186
20210705,9호선2~3단계,중앙보훈병원,10847,9661
20210705,경강선,판교,4590,4546
20210705,경강선,이매,1232,1006
20210705,경강선,삼동,2450,2266
20210705,경강선,경기광주,7324,6948
20210705,경강선,초월,3110,2951
20210705,경강선,곤지암,1999,2115
20210705,경강선,신둔도예촌,1332,1281
20210705,경강선,이천,2387,2641
20210705,경강선,부발,1703,1768
20210705,경강선,세종대왕릉,297,264
20210705,경강선,여주,1839,1815
20210705,경부선,서울역,5554,1693
20210705,경부선,남영,9476,9930
20210705,경부선,용산,31681,31997
20210705,경부선,노량진,8213,8348
20210705,경부선,대방,13418,13659
20210705,경부선,영등포,35916,36855
20210705,경부선,신도림,4430,4289
20210705,경부선,신길,9605,8153
20210705,경부선,구로,19515,19486
20210705,경부선,가산디지털단지,19375,22282
20210705,경부선,금천구청,12140,11966
20210705,경부선,석수,9978,8864
20210705,경부선,관악,7401,7039
20210705,경부선,안양,21263,21197
20210705,경부선,명학,9261,9283
20210705,경부선,금정,26277,26944
20210705,경부선,군포,7860,7937
20210705,경부선,의왕,9137,9162
20210705,경부선,성균관대,13798,13948
20210705,경부선,화서,7585,7255
20210705,경부선,수원,32132,33775
20210705,경부선,독산,17726,18605
20210705,경부선,세류,3061,2859
20210705,경부선,병점,13744,13688
20210705,경부선,세마,2703,2544
20210705,경부선,오산대,3124,2934
20210705,경부선,오산,9119,9240
20210705,경부선,진위,1598,1480
20210705,경부선,송탄,4166,4135
20210705,경부선,서정리,5884,5741
20210705,경부선,평택지제,3066,2851
20210705,경부선,평택,10884,11253
20210705,경부선,성환,3051,3159
20210705,경부선,직산,793,746
20210705,경부선,두정,4516,4707
20210705,경부선,천안,4610,4849
20210705,경부선,당정,6302,6000
20210705,경부선,서동탄,1571,1338
20210705,경부선,광명,3295,2751
20210705,경원선,이촌(국립중앙박물관),3987,2995
20210705,경원선,서빙고,1859,1783
20210705,경원선,한남,4329,4107
20210705,경원선,옥수,51,49
20210705,경원선,응봉,1843,1546
20210705,경원선,왕십리(성동구청),13450,14986
20210705,경원선,청량리(서울시립대입구),14350,15292
20210705,경원선,외대앞,6808,7039
20210705,경원선,신이문,8740,7951
20210705,경원선,석계,8043,9175
20210705,경원선,광운대,8079,7705
20210705,경원선,월계,6583,6349
20210705,경원선,녹천,4917,4174
20210705,경원선,방학,9819,9482
20210705,경원선,도봉,6166,5898
20210705,경원선,도봉산,7849,4949
20210705,경원선,망월사,7291,7398
20210705,경원선,회룡,12537,12468
20210705,경원선,의정부,17650,18053
20210705,경원선,가능,6741,6509
20210705,경원선,녹양,4793,4481
20210705,경원선,양주,7590,7143
20210705,경원선,덕계,2981,2616
20210705,경원선,덕정,5294,5141
20210705,경원선,지행,6489,6570
20210705,경원선,동두천중앙,3363,3247
20210705,경원선,보산,1744,1882
20210705,경원선,동두천,2123,2393
20210705,경원선,소요산,2901,2441
20210705,경의선,서울역,4385,5475
20210705,경의선,신촌,863,1048
20210705,경의선,효창공원앞,2853,3243
20210705,경의선,공덕,3523,3147
20210705,경의선,서강대,2167,2026
20210705,경의선,홍대입구,1466,1603
20210705,경의선,가좌,5486,5123
20210705,경의선,디지털미디어시티,2525,2400
20210705,경의선,수색,2851,3067
20210705,경의선,화전,1606,1475
20210705,경의선,강매,3324,2895
20210705,경의선,행신,7794,7920
20210705,경의선,능곡,3821,3457
20210705,경의선,곡산,613,593
20210705,경의선,백마,7093,6671
20210705,경의선,풍산,5542,5150
20210705,경의선,일산,9483,9242
20210705,경의선,탄현,7715,7373
20210705,경의선,야당,6946,6666
20210705,경의선,운정,6754,6370
20210705,경의선,금릉,4658,4532
20210705,경의선,금촌,6281,6303
20210705,경의선,월롱,2097,2059
20210705,경의선,파주,1312,803
20210705,경의선,문산,5011,4931
20210705,경의선,임진강,15,6
20210705,경인선,개봉,22054,22377
20210705,경인선,오류동,12557,11807
20210705,경인선,역곡,27368,27168
20210705,경인선,부천,32487,32499
20210705,경인선,송내,27580,27420
20210705,경인선,부평,30020,31394
20210705,경인선,백운,7252,7174
20210705,경인선,동암,15063,15172
20210705,경인선,주안,18968,16957
20210705,경인선,제물포,10872,10496
20210705,경인선,동인천,14052,13231
20210705,경인선,인천,3481,2705
20210705,경인선,구일,6288,6564
20210705,경인선,소사,8839,8763
20210705,경인선,부개,8803,8155
20210705,경인선,간석,6202,5853
20210705,경인선,도원,3669,3651
20210705,경인선,온수(성공회대입구),7126,6843
20210705,경인선,중동,9580,9117
20210705,경인선,도화,4349,4040
20210705,경춘선,신내,1759,1698
20210705,경춘선,갈매,3324,2892
20210705,경춘선,별내,3198,3139
20210705,경춘선,퇴계원,3796,3494
20210705,경춘선,사릉,3558,3320
20210705,경춘선,금곡,1597,1560
20210705,경춘선,평내호평,6573,6323
20210705,경춘선,천마산,1788,1672
20210705,경춘선,마석,4117,3966
20210705,경춘선,대성리,554,531
20210705,경춘선,청평,1755,1818
20210705,경춘선,상천,305,280
20210705,경춘선,가평,1910,2333
20210705,경춘선,굴봉산,132,130
20210705,경춘선,백양리,75,90
20210705,경춘선,강촌,410,452
20210705,경춘선,김유정,321,309
20210705,경춘선,남춘천,2088,2196
20210705,경춘선,춘천,1247,1146
20210705,공항철도 1호선,서울역,6974,6308
20210705,공항철도 1호선,공덕,2243,2862
20210705,공항철도 1호선,홍대입구,8347,8307
20210705,공항철도 1호선,디지털미디어시티,14434,13131
20210705,공항철도 1호선,마곡나루(서울식물원),8086,7873
20210705,공항철도 1호선,김포공항,11395,6979
20210705,공항철도 1호선,계양,9300,8629
20210705,공항철도 1호선,검암,6886,6603
20210705,공항철도 1호선,청라국제도시,6687,6233
20210705,공항철도 1호선,운서,6042,6158
20210705,공항철도 1호선,공항화물청사,2242,2497
20210705,공항철도 1호선,인천공항1터미널,2993,3178
20210705,공항철도 1호선,인천공항2터미널,1874,1764
20210705,공항철도 1호선,영종,2942,2900
20210705,과천선,선바위,8662,7430
20210705,과천선,경마공원,922,902
20210705,과천선,대공원,2340,2414
20210705,과천선,과천,5671,5249
20210705,과천선,정부과천청사,10572,10232
20210705,과천선,인덕원,24279,24343
20210705,과천선,평촌,18366,18099
20210705,과천선,범계,25578,25177
20210705,분당선,선릉,13997,20898
20210705,분당선,한티,13817,14777
20210705,분당선,도곡,7173,7018
20210705,분당선,구룡,1822,1708
20210705,분당선,개포동,3825,3988
20210705,분당선,대모산입구,3542,3299
20210705,분당선,수서,13423,13639
20210705,분당선,수원,7827,6437
20210705,분당선,서울숲,10513,10699
20210705,분당선,압구정로데오,17142,18691
20210705,분당선,강남구청,10001,11360
20210705,분당선,선정릉,8387,8894
20210705,분당선,가천대,6862,7749
20210705,분당선,태평,13580,13077
20210705,분당선,모란,19470,19566
20210705,분당선,야탑,25333,26548
20210705,분당선,서현,24775,25175
20210705,분당선,수내,13159,13112
20210705,분당선,정자,17412,18337
20210705,분당선,미금,15839,16740
20210705,분당선,오리,11862,9968
20210705,분당선,이매,6094,5487
20210705,분당선,보정,2651,2364
20210705,분당선,죽전,12369,13949
20210705,분당선,구성,5048,5206
20210705,분당선,신갈,4687,4698
20210705,분당선,기흥,9501,9032
20210705,분당선,상갈,5527,5255
20210705,분당선,청명,4378,4184
20210705,분당선,영통,7927,8104
20210705,분당선,망포,13990,13617
20210705,분당선,매탄권선,4970,4869
20210705,분당선,수원시청,12247,12863
20210705,분당선,매교,3219,3235
20210705,수인선,고색,4049,3794
20210705,수인선,오목천,2536,2398
20210705,수인선,어천,705,737
20210705,수인선,야목,286,222
20210705,수인선,사리,4263,3747
20210705,수인선,달월,103,72
20210705,수인선,월곶,2524,2419
20210705,수인선,소래포구,5011,4660
20210705,수인선,인천논현,5705,5952
20210705,수인선,호구포,3885,4148
20210705,수인선,남동인더스파크,2337,2617
20210705,수인선,원인재,4252,4472
20210705,수인선,연수,4507,4380
20210705,수인선,송도,2599,2408
20210705,수인선,인하대,5797,5426
20210705,수인선,숭의,4124,3804
20210705,수인선,신포,1751,1777
20210705,수인선,인천,1059,1706
20210705,안산선,산본,16230,17185
20210705,안산선,대야미,5108,4658
20210705,안산선,반월,4452,4278
20210705,안산선,상록수,15677,15731
20210705,안산선,한대앞,8709,8717
20210705,안산선,중앙,17590,17816
20210705,안산선,고잔,8949,8388
20210705,안산선,초지,4470,4556
20210705,안산선,안산,11816,10920
20210705,안산선,신길온천,1728,1597
20210705,안산선,정왕,7816,8622
20210705,안산선,오이도,8673,8251
20210705,안산선,수리산,4345,3550
20210705,우이신설선,북한산우이,3097,2800
20210705,우이신설선,솔밭공원,2533,2462
20210705,우이신설선,4.19민주묘지,2989,2922
20210705,우이신설선,가오리,4144,4226
20210705,우이신설선,화계,3406,3203
20210705,우이신설선,삼양,2066,2183
20210705,우이신설선,삼양사거리,2489,2530
20210705,우이신설선,솔샘,5765,5500
20210705,우이신설선,북한산보국문,5945,5767
20210705,우이신설선,정릉,4609,4288
20210705,우이신설선,성신여대입구(돈암),3185,3406
20210705,우이신설선,보문,1570,1470
20210705,우이신설선,신설동,2216,2189
20210705,일산선,원흥,10484,10050
20210705,일산선,삼송,18673,18341
20210705,일산선,원당,11481,10994
20210705,일산선,화정,17169,17554
20210705,일산선,대곡,1943,1474
20210705,일산선,백석,10085,10194
20210705,일산선,마두,7640,7862
20210705,일산선,정발산,7117,7150
20210705,일산선,주엽,9219,9011
20210705,일산선,대화,13438,10545
20210705,장항선,봉명,1259,1183
20210705,장항선,쌍용(나사렛대),1703,1642
20210705,장항선,아산,2632,2214
20210705,장항선,배방,995,927
20210705,장항선,온양온천,3141,3121
20210705,장항선,신창(순천향대),1023,1201
20210705,중앙선,회기,23698,23013
20210705,중앙선,중랑,5705,5407
20210705,중앙선,상봉(시외버스터미널),6084,6012
20210705,중앙선,망우,7782,7554
20210705,중앙선,양원,1956,2004
20210705,중앙선,구리,13797,13932
20210705,중앙선,도농,10350,9400
20210705,중앙선,양정,875,740
20210705,중앙선,덕소,5943,5845
20210705,중앙선,도심,2643,2086
20210705,중앙선,팔당,970,909
20210705,중앙선,운길산,885,815
20210705,중앙선,양수,2246,2302
20210705,중앙선,신원,226,192
20210705,중앙선,국수,824,806
20210705,중앙선,아신,556,549
20210705,중앙선,오빈,313,299
20210705,중앙선,양평,2774,2807
20210705,중앙선,원덕,356,357
20210705,중앙선,용문,3142,3093
20210705,중앙선,지평,83,91
